1048585	0.3097657263278961
2	0.05629834160208702
524332	0.04668097943067551
1048642	0.009068802930414677
524447	0.11544773727655411
786674	0.09769751876592636
1048876	0.21523679792881012
1048917	0.2623319625854492
786786	0.12521715462207794
524699	0.050874121487140656
1048995	0.11162477731704712
786857	0.01873237080872059
524722	0.457654744386673
873886	0.2785853445529938
524733	0.2281671166419983
786918	0.037090763449668884
786937	0.18699558079242706
1049085	0.009002365171909332
262232	0.02120312675833702
524835	0.5558875799179077
524848	0.11322843283414841
1049200	0.020928075537085533
1049221	0.03154369816184044
1049329	0.3568679690361023
1049368	0.01605069451034069
787255	0.16958455741405487
262974	0.01044091209769249
1049456	0.09665578603744507
1049774	0.3484330475330353
1049791	0.2445012480020523
525534	0.09401444345712662
1288	0.1592249572277069
1049894	0.049543850123882294
787784	0.24308814108371735
1049955	0.03295621648430824
1050007	0.10973542928695679
525779	0.05338844656944275
263670	0.06495112180709839
811852	0.09713401645421982
1576	0.03505804017186165
525868	0.7448605895042419
306105	0.07944333553314209
1050231	0.10340163111686707
1050253	0.07545403391122818
1050275	0.10059943050146103
526013	0.10799585282802582
263889	0.008048511110246181
788431	0.07394003123044968
264150	0.05530716851353645
526331	0.024068079888820648
788484	0.016834421083331108
1050670	0.05733304098248482
1050695	0.05817710608243942
264284	0.02756783366203308
1050747	0.0957755520939827
1050778	0.12310504168272018
2235	0.14309273660182953
264410	0.14306212961673737
788702	0.02500300295650959
1050857	0.17865772545337677
437291	0.035061370581388474
1050923	0.13965104520320892
526671	0.031061284244060516
788851	0.1313895732164383
264594	0.07772529870271683
830531	0.008652672171592712
1051095	0.019909441471099854
1051108	0.2234751433134079
1051112	0.03254501149058342
789037	0.05889666825532913
1051211	0.23967155814170837
1051214	0.006572980433702469
1051223	0.13853129744529724
1051229	0.2501320540904999
1051257	0.09557819366455078
264827	0.07949662208557129
526984	0.10844633728265762
1051279	0.2000114470720291
1051285	0.05206482484936714
1051307	0.04170463606715202
1051339	0.0667085349559784
1051352	0.06290929764509201
1051372	0.2446925789117813
2798	0.47324830293655396
1051422	0.010430537164211273
789292	0.7069769501686096
1051475	0.18952544033527374
789332	0.148100808262825
1051520	0.005106756929308176
1051530	0.061816517263650894
2962	0.019301559776067734
1051571	0.0993390753865242
961705	0.03666730225086212
1038859	0.13048669695854187
1091234	0.0368163026869297
1051723	0.1278935968875885
1051755	0.04379669576883316
1051808	0.0370197631418705
527568	0.03273417800664902
1051886	0.015160921029746532
1051902	0.004565899260342121
527625	0.13327398896217346
1051942	0.034883640706539154
1051943	0.31726232171058655
527769	0.07276397198438644
1052115	0.18821494281291962
527853	0.18294453620910645
265729	0.009913052432239056
790059	0.028503526002168655
1052274	0.22933632135391235
790178	0.09164692461490631
265960	0.06463248282670975
528117	0.12531723082065582
1052421	0.05413056164979935
1052427	0.05921586975455284
838116	0.05905959755182266
1052563	0.029589880257844925
1052585	0.058600518852472305
1091264	0.03333497419953346
1052615	0.19208203256130219
1052640	0.03466064855456352
830812	0.039805490523576736
1052717	0.033729176968336105
1005595	0.05448156222701073
1052948	0.2960568964481354
568709	0.00604828167706728
1052965	0.009999017231166363
1052985	0.5566538572311401
528760	0.08757307380437851
1053111	0.19214969873428345
528841	0.08703131228685379
525047	0.8263758420944214
266760	0.010700469836592674
1053219	0.010485745966434479
1053253	0.13928401470184326
4696	0.19054076075553894
791140	0.042627375572919846
266920	0.007464326918125153
791223	0.06855135411024094
529090	0.3291028141975403
267012	0.23719172179698944
529230	0.1021042987704277
4947	0.29633480310440063
1053611	0.17839698493480682
830973	0.009756708517670631
1053716	0.5155384540557861
568841	0.03126024454832077
267341	0.051682159304618835
1053896	0.6693883538246155
1053901	0.15892350673675537
1053931	0.06712978333234787
1053992	0.06824839860200882
1053997	0.2502285838127136
267566	0.04909566044807434
791862	0.6279910206794739
1054023	0.030626507475972176
791916	0.012469008564949036
568895	0.015606868080794811
267644	0.006338122766464949
918424	0.09303140640258789
1054186	0.04531090706586838
1054189	0.05819866061210632
529918	0.04265815392136574
1054328	0.06980693340301514
792187	0.25272104144096375
1054339	0.03568298742175102
1093231	0.060221415013074875
1054438	0.01419533509761095
1054450	0.23413820564746857
1054451	0.09822496026754379
1054468	0.013701104559004307
5925	0.37682774662971497
44686	0.15223141014575958
1054593	0.047955192625522614
1054595	0.6998584270477295
1054610	0.05217699334025383
1091163	0.07036775350570679
1054707	0.01947723515331745
792595	0.3520776033401489
6217	0.2644805908203125
1091337	0.5317028164863586
792688	0.01360326074063778
530572	0.2986266016960144
792742	0.037387050688266754
530601	0.16786997020244598
1054923	0.2181510180234909
1054958	0.412188321352005
1054969	0.589821457862854
792847	0.2195904403924942
1054999	0.02585630863904953
1055125	0.045370444655418396
1055176	0.031968854367733
1055197	0.13208959996700287
1055351	0.009552625007927418
531142	0.08185938000679016
1091360	0.024942485615611076
1055505	0.016153335571289062
793475	0.15765327215194702
831302	0.17075645923614502
242713	0.0070471325889229774
1055717	0.1637306958436966
531490	0.11179547011852264
1215	0.3046475648880005
1055889	0.030231909826397896
1093487	0.23604397475719452
1055940	0.11842674762010574
531676	0.5609014630317688
1056057	0.13599707186222076
1056060	0.12852926552295685
831380	0.005460201296955347
1056163	0.21799853444099426
1056211	0.06142348423600197
1056265	0.11144028604030609
307118	0.03602488711476326
1056303	0.0841621682047844
166111	0.07503911852836609
1056420	0.2165401130914688
1056437	0.014293310232460499
1056446	0.1657204031944275
1056482	0.12905265390872955
7968	0.05545518174767494
1056548	0.1444341242313385
270140	0.1735268533229828
1056580	0.01033342257142067
794469	0.04775496572256088
1056644	0.22974877059459686
1056726	0.04097942262887955
1056758	0.06439312547445297
794625	0.011898893862962723
525660	0.09100402891635895
1100134	0.19777953624725342
1056850	0.022666310891509056
270422	0.01062816008925438
1056950	0.05834516882896423
270520	0.025046035647392273
270521	0.006480980198830366
1057015	0.21507270634174347
270603	0.064395971596241
794893	0.052410613745450974
270642	0.01773190312087536
1057098	0.22119127213954926
1057112	0.06558925658464432
1057139	0.038182955235242844
1057168	0.1280609518289566
1057251	0.010210047475993633
1057270	0.24376735091209412
88831	0.15625441074371338
8714	0.05523810535669327
1057334	0.020999841392040253
1057367	0.4393499195575714
533105	0.19054774940013885
8854	0.5950119495391846
1057446	0.03133348003029823
1057476	0.10439018160104752
1057488	0.059457309544086456
1057539	0.4040549397468567
569473	0.04122522845864296
1057631	0.0927133783698082
1057656	0.008370730094611645
9083	0.6317648887634277
533398	0.1569201648235321
1057708	0.11452766507863998
569507	0.3334064781665802
1057757	0.015315728262066841
1057937	0.4490506947040558
1057996	0.026366423815488815
9454	0.04545200616121292
1058036	0.03198679909110069
1058100	0.045627523213624954
795991	0.02303847298026085
1058140	0.04854598641395569
1058141	0.015037911012768745
1058142	0.14152362942695618
1058165	0.09938673675060272
1058182	0.06730662286281586
794665	0.3411410450935364
1058271	0.1342252492904663
1058325	0.1685156226158142
1058415	0.22012317180633545
1058442	0.047649700194597244
1058470	0.08951779454946518
272075	0.03845348581671715
1058515	0.15986306965351105
796383	0.13944557309150696
831784	0.29688286781311035
534305	0.31481704115867615
1058601	0.03324471041560173
1058604	0.029003549367189407
569674	0.021552521735429764
220151	0.19672074913978577
10205	0.12026076763868332
1058792	0.013055981136858463
1058822	0.07860664278268814
10276	0.06325505673885345
1058885	0.04317287355661392
10312	0.12516836822032928
534617	0.1804651916027069
272500	0.03849908336997032
1058952	0.06514782458543777
1058978	0.15024389326572418
1059045	0.07261110842227936
1059077	0.08415776491165161
1094039	0.353729784488678
534941	0.03507218882441521
272815	0.006173858884721994
1059253	0.1574104279279709
1059287	0.03539811819791794
1059420	0.046509504318237305
1059421	0.01778319664299488
535142	0.13522258400917053
1059442	0.05699847638607025
273014	0.053707417100667953
1059496	0.15092961490154266
1059504	0.049751270562410355
11006	0.045469366014003754
1059601	0.04125086963176727
1059619	0.010489481501281261
11050	0.17897164821624756
1059646	0.018300004303455353
1059698	0.021390950307250023
11133	0.0610630065202713
1059801	0.016086654737591743
273449	0.10088665783405304
535599	0.16884370148181915
273481	0.027816975489258766
535627	0.593158483505249
273522	0.0560038797557354
1059970	0.054508574306964874
535743	0.33683860301971436
1060039	0.05364259332418442
1060040	0.02315879985690117
176677	0.13485223054885864
1094191	0.0573141947388649
812190	0.12330029159784317
1060305	0.1572282463312149
1060342	0.029475921764969826
1060391	0.4497799277305603
798253	0.18965086340904236
798284	0.04463651031255722
1060462	0.05129077658057213
1094249	0.2104337215423584
11913	0.14772677421569824
1060496	0.6318342685699463
274067	0.18102826178073883
1060566	0.3714466094970703
274175	0.06696593761444092
1060616	0.22388941049575806
1060623	0.010245395824313164
536480	0.36403313279151917
1060795	0.08200754970312119
1006922	0.017596598714590073
570023	0.021855080500245094
262280	0.019444115459918976
1060868	0.06372009962797165
1060881	0.096004918217659
613727	0.05145341902971268
536654	0.1370781809091568
45757	0.2613410949707031
482666	0.04247696325182915
798883	0.39645010232925415
1091545	0.17312264442443848
536791	0.017143333330750465
798945	0.004538002889603376
570068	0.2600935399532318
1004258	0.12049489468336105
1061167	0.01184334047138691
1061210	0.07230216264724731
1061237	0.14550632238388062
536995	0.24729521572589874
1094389	0.0771070271730423
12741	0.04404214397072792
1061324	0.5466979742050171
1061382	0.1434674859046936
274981	0.01127331517636776
1061472	0.17747564613819122
12903	0.08692815899848938
275049	0.061708468943834305
275137	0.18940772116184235
537301	0.03031882271170616
537410	0.02822270803153515
308032	0.008484745398163795
1061762	0.059578269720077515
275355	0.5503274202346802
537505	0.12446951121091843
537526	0.06610942631959915
275528	0.057813860476017
275534	0.13207224011421204
13397	0.08396788686513901
537706	0.06227383017539978
537761	0.21932581067085266
275629	0.0138474116101861
537825	0.013921854086220264
1062190	0.046202778816223145
1062223	0.05098236724734306
1062233	0.49136605858802795
537995	0.7608565092086792
1062332	0.016530897468328476
1062334	0.021340612322092056
1062350	0.029132960364222527
275997	0.021899838000535965
1062457	0.21008318662643433
800318	0.7051214575767517
1062511	0.4673660695552826
838453	0.42901450395584106
1062589	0.14932799339294434
538309	0.012596621178090572
1062603	0.33654531836509705
1094605	0.038772281259298325
1062609	0.422335147857666
538333	0.1389925330877304
538340	0.06434229016304016
276208	0.0517716109752655
46040	0.08514218032360077
1062687	0.04503612592816353
14151	0.04479733482003212
276298	0.014183123596012592
1062744	0.06167824938893318
276329	0.20276889204978943
276338	0.03097853995859623
276348	0.04976380988955498
1062784	0.03675572946667671
832508	0.1258629411458969
1062928	0.013972570188343525
1062961	0.07376261800527573
471850	0.045376669615507126
576601	0.058620162308216095
800987	0.08434648811817169
1063177	0.330623060464859
818798	0.051811009645462036
1063349	0.0072468118742108345
1063371	0.10107218474149704
276979	0.1892881542444229
1063461	0.072965107858181
1063478	0.4359593689441681
14947	0.5585670471191406
14963	0.30953189730644226
539278	0.5576770901679993
15039	0.6640095710754395
801478	0.5219851732254028
15063	0.7274457216262817
1063644	0.043365176767110825
1063659	0.12437409907579422
1063702	0.07902834564447403
1063758	0.03272398188710213
1063765	0.03813336044549942
1063777	0.014953692443668842
539601	0.38098064064979553
277459	0.04298777878284454
1063892	0.24848084151744843
539648	0.15479394793510437
15382	0.42297565937042236
1063974	0.01703505404293537
277556	0.48661941289901733
15441	0.07792998850345612
801907	0.5793061852455139
277623	0.16818784177303314
277632	0.05252395197749138
1007473	0.665677547454834
277701	0.7627836465835571
1064140	0.13613593578338623
277737	0.5007011890411377
1019649	0.03764697536826134
15607	0.14067412912845612
1064195	0.2558070123195648
1064206	0.025328615680336952
277785	0.051935840398073196
277799	0.28529804944992065
539957	0.28702569007873535
277977	0.11403254419565201
1064473	0.02947656624019146
278074	0.020948367193341255
802372	0.14277714490890503
1064518	0.07815337926149368
1064529	0.048609696328639984
832790	0.0420185923576355
540306	0.3291269540786743
253678	0.01538920309394598
1064687	0.14869089424610138
540432	0.22873833775520325
540456	0.3972170650959015
802634	0.29037541151046753
1064808	0.046860672533512115
1064852	0.021767623722553253
278429	0.021697768941521645
1094996	0.3104722499847412
1064961	0.10274515300989151
278542	0.030254218727350235
1065032	0.1034497395157814
278606	0.1781589388847351
278658	0.4454652667045593
1065118	0.00943069253116846
16559	0.0639059990644455
1065160	0.10364340990781784
540906	0.2238529920578003
1065227	0.2348218560218811
540983	0.06522071361541748
278863	0.22421738505363464
1095059	0.46713849902153015
803237	0.06200949102640152
541135	0.18309858441352844
16860	0.21813753247261047
803306	0.025109173730015755
1065494	0.061892978847026825
1065551	0.016820592805743217
1065558	0.0827900841832161
541272	0.043838031589984894
541274	0.045724887400865555
1065650	0.03751683980226517
279229	0.21405582129955292
17110	0.05469544604420662
1095121	0.34162646532058716
1065712	0.1583254337310791
541425	0.1056293472647667
1065728	0.018385719507932663
1095126	0.06976152956485748
803599	0.5243109464645386
541557	0.09565234929323196
46579	0.026781687512993813
1065971	0.03189798817038536
1065985	0.0076972199603915215
17430	0.02654707431793213
1066043	0.1690068542957306
1066116	0.009025429375469685
279718	0.18701820075511932
17635	0.07117846608161926
541948	0.08758923411369324
804103	0.02918599173426628
541969	0.028953514993190765
804197	0.08381018042564392
279987	0.033053845167160034
17848	0.06544086337089539
17884	0.7651476860046387
789439	0.2758236527442932
658372	0.05680194869637489
280223	0.0473620630800724
18101	0.5304261445999146
1066709	0.03975991904735565
1066716	0.15714672207832336
1066792	0.12258005142211914
804687	0.005041781812906265
1066916	0.016792045906186104
1066958	0.18904924392700195
1066966	0.10125172138214111
1066971	0.20136776566505432
542806	0.02136724814772606
323592	0.08865699172019958
804996	0.20910495519638062
1067276	0.055085137486457825
1067284	0.1690787672996521
18759	0.1337088942527771
280927	0.05285821482539177
543251	0.47745487093925476
134239	0.04304344952106476
1067587	0.012925948016345501
1067640	0.13941562175750732
1067659	0.04816942289471626
281270	0.0577692985534668
1067724	0.49017030000686646
1067764	0.18442891538143158
1067772	0.35230082273483276
1067826	0.005328832194209099
543644	0.14338894188404083
19457	0.15296940505504608
805900	0.07448460906744003
543813	0.06491000950336456
19552	0.02809051424264908
281702	0.04333729296922684
281704	0.04379751533269882
543849	0.04103045538067818
1095542	0.14302627742290497
543951	0.1612081080675125
1068276	0.17235572636127472
1068290	0.31980910897254944
544060	0.13474026322364807
281930	0.24063430726528168
1068408	0.11999627202749252
544123	0.14071926474571228
19940	0.09877059608697891
544277	0.122132308781147
544308	0.032094016671180725
544319	0.14009293913841248
282214	0.023533372208476067
1068715	0.018900379538536072
806574	0.03791642561554909
1068726	0.08163352310657501
282397	0.0373937264084816
806688	0.05153989791870117
282411	0.058526962995529175
833507	0.014777137897908688
995787	0.3270159065723419
1068924	0.20818549394607544
20356	0.039200276136398315
1068952	0.010514595545828342
305650	0.009912565350532532
282530	0.004541672766208649
20432	0.27396735548973083
1069028	0.04625464975833893
544745	0.24381576478481293
1051990	0.07870684564113617
544811	0.23427337408065796
1069108	0.2951980233192444
1069128	0.7002488374710083
20597	0.037772584706544876
1069222	0.07242847234010696
20671	0.02555495873093605
544974	0.1322980374097824
1069313	0.2255718857049942
833579	0.05133403465151787
1069327	0.11320105940103531
1069344	0.06148814409971237
1069405	0.18482019007205963
1069474	0.024588972330093384
1069521	0.06098868325352669
1069556	0.15585030615329742
283141	0.46497777104377747
545359	0.6957786679267883
1052089	0.046515580266714096
1069717	0.031190913170576096
807585	0.1701667159795761
545450	0.25139743089675903
21185	0.15244656801223755
576822	0.04647999256849289
283344	0.00931323692202568
545575	0.17665743827819824
178325	0.09725414216518402
283548	0.039848003536462784
1069981	0.039374008774757385
1069983	0.014361058361828327
807880	0.1458490937948227
1070131	0.2712346315383911
545847	0.03239923343062401
808019	0.03003220446407795
21603	0.1637851893901825
1100581	0.049376845359802246
21741	0.10754386335611343
21765	0.13748523592948914
1095899	0.05701131746172905
1070412	0.04113631322979927
21861	0.20242346823215485
1070452	0.21471822261810303
284072	0.015533676370978355
808362	0.023439697921276093
21948	0.32926833629608154
1070546	0.10569696128368378
463373	0.051999956369400024
790110	0.16217750310897827
1095952	0.03075455315411091
284313	0.03769063577055931
546459	0.15619416534900665
22231	0.03400216996669769
808716	0.1573987901210785
1070867	0.08447481691837311
47419	0.08838536590337753
284565	0.016038138419389725
22479	0.31816887855529785
1071061	0.19523894786834717
546825	0.026182007044553757
1071198	0.5262033343315125
546956	0.1576041728258133
1071270	0.06162372604012489
547018	0.14398369193077087
547089	0.17679736018180847
1071389	0.04890839383006096
547139	0.2609241306781769
22882	0.1411280781030655
1071485	0.05840839445590973
1071534	0.15774007141590118
1071545	0.006775697693228722
547301	0.05359087511897087
285158	0.048551447689533234
1071598	0.13829723000526428
809556	0.04837946221232414
484454	0.11927752196788788
1071722	0.5275776386260986
166625	0.11799512803554535
285375	0.2224399745464325
831030	0.011124258860945702
23285	0.046669524163007736
809798	0.23030860722064972
47588	0.10921993106603622
285537	0.1813327819108963
1071992	0.03291909396648407
309745	0.2429715394973755
809933	0.029541416093707085
285656	0.007775815203785896
285729	0.04537743330001831
1072188	0.3052564561367035
548036	0.44674673676490784
810210	0.0056422702036798
810242	0.026910215616226196
548099	0.6809092164039612
1057007	0.07877898216247559
810270	0.05184755101799965
178741	0.10148254781961441
810324	0.04697900637984276
47674	0.08982845395803452
1072479	0.005961133632808924
1072513	0.1440463662147522
810394	0.012137777172029018
548254	0.16607357561588287
286160	0.03919925168156624
1072603	0.06821747869253159
1072750	0.0569378137588501
548475	0.7273149490356445
1052610	0.12055640667676926
810680	0.21501950919628143
1072874	0.10443844646215439
47741	0.04841465502977371
548673	0.18414585292339325
1072988	0.006006405223160982
24441	0.04910542443394661
790536	0.43893033266067505
1073358	0.13598114252090454
1073365	0.03902361914515495
24807	0.055029504001140594
549135	0.022502923384308815
24979	0.05992761254310608
1073569	0.08847630769014359
25025	0.06051649525761604
25036	0.15741966664791107
47864	0.03657873347401619
549342	0.03590038791298866
1073640	0.07312268018722534
1073721	0.12466195970773697
1073801	0.010522029362618923
1073805	0.016321085393428802
25294	0.019189447164535522
821372	0.3378850817680359
703268	0.13187721371650696
1073943	0.0714070200920105
1073972	0.008642538450658321
1073980	0.05314520746469498
1074001	0.04741164296865463
549731	0.14618712663650513
549738	0.2166009396314621
559507	0.041471462696790695
25534	0.04813316836953163
25603	0.09064655750989914
1096557	0.04333033040165901
287912	0.2996057868003845
1074499	0.06453900039196014
812387	0.035685960203409195
288139	0.02747657150030136
550331	0.005513546988368034
288200	0.02880476415157318
26079	0.036840833723545074
26207	0.37634986639022827
1074804	0.004268244374543428
1074807	0.03678220883011818
397592	0.1187603771686554
1096644	0.03000640869140625
550565	0.046268198639154434
812734	0.017003456130623817
1074883	0.03770129382610321
550609	0.009827451780438423
26334	0.03387278690934181
1074949	0.06659168004989624
1096667	0.08848591148853302
1074989	0.008402081206440926
1074995	0.02734929695725441
1074997	0.4778660535812378
934889	0.3893732726573944
288702	0.10205221176147461
26664	0.1865168809890747
1075244	0.24337565898895264
1075262	0.042488161474466324
1075313	0.007180847693234682
288884	0.1372843235731125
1075336	0.15614375472068787
1075348	0.430352121591568
551119	0.1680016666650772
26847	0.02841581217944622
1075588	0.11473461985588074
1075591	0.006448093801736832
1075608	0.05265631899237633
1075636	0.05523146688938141
1075656	0.01677623763680458
551413	0.0226781964302063
289276	0.039056047797203064
1075713	0.0831989049911499
1075741	0.011125223711133003
786520	0.04244162142276764
572517	0.13674387335777283
1075919	0.04272852838039398
289556	0.013451994396746159
289586	0.013082163408398628
1076030	0.051495861262083054
813899	0.25495803356170654
1076078	0.02326919324696064
551819	0.04984555393457413
551860	0.02340671233832836
27618	0.028746580705046654
289812	0.21334360539913177
1076269	0.08989261090755463
27743	0.4243904948234558
1100783	0.023251177743077278
814282	0.02105552889406681
27932	0.008836823515594006
1074603	0.05810759216547012
28216	0.040901076048612595
814699	0.03090180829167366
290488	0.008285119198262691
834848	0.08309520035982132
290499	0.03663463890552521
48417	0.37880080938339233
1077000	0.07503411918878555
1077002	0.0841345563530922
1077006	0.25018027424812317
290585	0.020933467894792557
1077019	0.23126518726348877
290632	0.11923351138830185
814964	0.04013027995824814
814987	0.013480432331562042
552868	0.15907640755176544
815015	0.013344356790184975
290779	0.04161620885133743
1097040	0.04762624576687813
290830	0.0880376547574997
1077356	0.05728280916810036
1097066	0.28875604271888733
815243	0.03848093003034592
105709	0.09801608324050903
815420	0.012100652791559696
815421	0.07254619896411896
29097	0.10972091555595398
291248	0.015510010533034801
815580	0.06192968040704727
29169	0.03279814496636391
291396	0.05236073210835457
1077844	0.009103397838771343
922398	0.6086515784263611
291516	0.03982153162360191
29416	0.0845835730433464
1078187	0.05414479598402977
29612	0.13565611839294434
1078198	0.37366148829460144
1078222	0.03834330290555954
1097236	0.06272225081920624
816289	0.048050038516521454
1078446	0.12428963929414749
1078491	0.43545401096343994
292094	0.056757863610982895
1097259	0.20080901682376862
572978	0.07289642095565796
816483	0.08803925663232803
292225	0.05342590808868408
1078731	0.0626574456691742
1078752	0.3189994990825653
30188	0.22112955152988434
1078765	0.016656268388032913
554511	0.01353590376675129
1078906	0.27598193287849426
1078920	0.1730557531118393
554738	0.005121432710438967
816893	0.4227810204029083
1079050	0.36489400267601013
1079086	0.01997334696352482
292676	0.01251472532749176
1079231	0.2898988425731659
292813	0.3633858263492584
398335	0.05454606935381889
1079340	0.04967295005917549
1079434	0.19112008810043335
555179	0.12252604216337204
817349	0.08672891557216644
1079535	0.012347004376351833
227992	0.016987165436148643
817597	0.10790269076824188
555458	0.013513225130736828
791629	0.03784601390361786
31222	0.23152412474155426
1079815	0.2309897243976593
1079817	0.04278283938765526
1079831	0.02344716526567936
293401	0.05382242798805237
555558	0.04372696578502655
293421	0.2741967737674713
555590	0.22533121705055237
1079888	0.24132584035396576
1079959	0.11228053271770477
1079987	0.3199900984764099
31432	0.13330842554569244
1080010	0.4337238669395447
1080031	0.0644233375787735
555750	0.022931689396500587
555850	0.03381185978651047
31595	0.07845275104045868
952520	0.08447685837745667
1080253	0.05512471869587898
1080406	0.049255985766649246
1080419	0.2930302023887634
293992	0.038744255900382996
556144	0.14260484278202057
556166	0.13640497624874115
1080495	0.1385851502418518
556217	0.006568227428942919
556248	0.017094874754548073
1080537	0.07208351045846939
1080555	0.03262130916118622
556307	0.12650486826896667
879155	0.049466293305158615
1097619	0.08851703256368637
32176	0.5974085927009583
818612	0.21158450841903687
556476	0.06727834790945053
556587	0.08254796266555786
1080937	0.06237677112221718
1080939	0.029797622933983803
1080948	0.01888572983443737
1080950	0.18130746483802795
818819	0.16162104904651642
1080970	0.04628552123904228
818842	0.10967081040143967
1081086	0.009401346556842327
1081091	0.02557496167719364
32642	0.019107790663838387
556952	0.006763827987015247
556976	0.01535123772919178
1097723	0.01619092747569084
1081338	0.6927996277809143
557157	0.18634997308254242
1054071	0.13522924482822418
295135	0.06252710521221161
1081569	0.21018657088279724
1081595	0.1954011768102646
1081609	0.2432187795639038
557401	0.008408491499722004
557417	0.024877840653061867
1081730	0.05073774978518486
819618	0.09693659096956253
557492	0.23232316970825195
1081946	0.035836443305015564
1082002	0.27442288398742676
1082091	0.15614241361618042
1082117	0.02115769498050213
1082242	0.03660920262336731
1082263	0.2826840877532959
1082265	0.04673385992646217
1082281	0.53596031665802
1082332	0.03822273015975952
1082336	0.049177221953868866
1082339	0.04101741313934326
1082341	0.07027584314346313
1082351	0.4663245677947998
1082384	0.005235055461525917
1100986	0.22717924416065216
1082427	0.04547705873847008
1082445	0.014729227870702744
1082448	0.14732466638088226
1082455	0.053742047399282455
1082501	0.05262388661503792
1082502	0.20875439047813416
1082531	0.09068406373262405
1082536	0.007590764202177525
1082547	0.005694019608199596
558263	0.035209815949201584
1082576	0.04669397696852684
34015	0.03904953598976135
1082603	0.27181240916252136
1082607	0.03476385399699211
34039	0.031020766124129295
1082622	0.14828968048095703
1082653	0.6362747550010681
1082668	0.005464610643684864
1082730	0.039046287536621094
558448	0.18291716277599335
1082750	0.041618138551712036
1082751	0.02700584940612316
1082759	0.3735790252685547
1082779	0.08972173184156418
1082792	0.05209823697805405
1082807	0.054388437420129776
1082835	0.006327684037387371
1082840	0.04542483761906624
1082870	0.040972545742988586
1082872	0.030156131833791733
1082877	0.05461196228861809
1082893	0.06099338084459305
1082924	0.1168241947889328
1082947	0.006963740102946758
1082948	0.050789665430784225
1082966	0.029220135882496834
1082978	0.13947157561779022
1083000	0.05421920493245125
1083010	0.013820245862007141
1083017	0.09186852723360062
1083021	0.01306010503321886
1083052	0.062208883464336395
1083085	0.006288099568337202
839137	0.5497803092002869
1083092	0.011722383089363575
1083095	0.17077729105949402
1083108	0.10144329071044922
820973	0.18252502381801605
1083125	0.03325100988149643
1083127	0.01342560164630413
1083150	0.13752025365829468
1083152	0.1271185576915741
1083157	0.2602141201496124
1083158	0.12198463082313538
1083161	0.35690250992774963
1083243	0.02240016683936119
1083267	0.03466373309493065
1083268	0.03440558910369873
1083278	0.03186554089188576
1083285	0.005914233159273863
1083296	0.09576842188835144
559009	0.011598777957260609
559018	0.15320877730846405
1083307	0.10114208608865738
1098057	0.03359134867787361
1083332	0.03874032571911812
1083340	0.15247739851474762
1083341	0.12611496448516846
1083342	0.005805855616927147
1083345	0.005492617841809988
1083361	0.07227937877178192
1083362	0.030195185914635658
1083401	0.08871312439441681
1083410	0.056617967784404755
296993	0.013789882883429527
1083428	0.0058076647110283375
1083430	0.0761495977640152
1083443	0.020634012296795845
1083472	0.19422881305217743
559198	0.297733336687088
1083493	0.03969494253396988
1083499	0.025405574589967728
1083500	0.02369558811187744
1083502	0.0611453652381897
1083508	0.07149309664964676
1083517	0.02918269857764244
1083535	0.29588213562965393
1083537	0.006503826007246971
1083584	0.01453145407140255
1083597	0.16801047325134277
1083598	0.046660590916872025
1083611	0.061285872012376785
1083627	0.026339616626501083
1083641	0.006748264655470848
1083663	0.11691442131996155
1083675	0.02749025821685791
1083690	0.01005322765558958
1083713	0.3339449167251587
1083721	0.12335381656885147
1083722	0.022035788744688034
1083727	0.23278744518756866
1083743	0.13012376427650452
1054440	0.11408008635044098
1083783	0.03811299055814743
1083791	0.10227955877780914
1083797	0.02979070320725441
1083800	0.00555210979655385
1083819	0.005428212229162455
1083822	0.0751824676990509
1083831	0.006995393428951502
1083832	0.01633104868233204
1083846	0.02327088825404644
1083852	0.15993279218673706
1083865	0.04542670398950577
559607	0.09083665907382965
1083909	0.045152392238378525
1083933	0.1871127486228943
1083945	0.011893277056515217
1083948	0.014631192199885845
1083967	0.03475542366504669
559709	0.2845712900161743
1084038	0.020705942064523697
1084041	0.01158416923135519
1084075	0.026337046176195145
1084076	0.11061447858810425
1084086	0.02291283942759037
297672	0.009092290885746479
1084192	0.008006882853806019
1084197	0.05108330026268959
1084230	0.36493170261383057
1084233	0.2597006857395172
559959	0.012379604391753674
1084273	0.11576574295759201
1084276	0.055703017860651016
1084289	0.19336609542369843
1084301	0.13161326944828033
1084308	0.1723921000957489
1084324	0.008388017304241657
1084326	0.009301967918872833
1084330	0.014618534594774246
1084336	0.028544442728161812
1084354	0.5889706015586853
1084383	0.05832568556070328
1084403	0.21826398372650146
1084408	0.03523452579975128
1084435	0.05083930864930153
1084441	0.043505702167749405
1084469	0.03234562277793884
1084475	0.6923571825027466
1084478	0.02271023578941822
1084512	0.04942658171057701
1084516	0.009471860714256763
1084518	0.07213112711906433
560245	0.03098253905773163
1084555	0.11867622286081314
1084582	0.038779761642217636
1084599	0.0070735011249780655
1084602	0.14266043901443481
1084603	0.015961728990077972
1084624	0.02637287974357605
1084686	0.15002863109111786
36133	0.08352518081665039
1084712	0.006070328410714865
1084713	0.07760924100875854
1084722	0.08634421974420547
822585	0.006857423111796379
1084755	0.22034543752670288
1084769	0.07607797533273697
822649	0.021535513922572136
1084814	0.0693497583270073
1084838	0.022225838154554367
1084848	0.01984531804919243
298444	0.15585091710090637
1084887	0.006448777858167887
1084889	0.03232768177986145
1084898	0.16601838171482086
1084906	0.016224686056375504
1084910	0.07271028310060501
1084930	0.037728674709796906
1084942	0.010122817009687424
1084971	0.19665059447288513
1084982	0.19981268048286438
1084986	0.3489569127559662
822859	0.017232267186045647
1085008	0.18472881615161896
1085013	0.09417478740215302
1085048	0.22922414541244507
1085139	0.035261038690805435
1085141	0.006003103218972683
1085192	0.05398876592516899
1085197	0.04075167700648308
1085229	0.6043235659599304
1085245	0.18331009149551392
1085279	0.7477059960365295
1085288	0.5695993304252625
1085303	0.038105856627225876
1085319	0.47977057099342346
1085327	0.09468475729227066
1085339	0.07503766566514969
1085341	0.04417041316628456
823203	0.056797996163368225
1085348	0.5883789658546448
1085351	0.2250520884990692
1085356	0.5649838447570801
298940	0.027424152940511703
1085386	0.046488236635923386
1085393	0.05357024818658829
1085421	0.048256829380989075
1085422	0.4157348573207855
1085434	0.056203149259090424
1085441	0.4167465567588806
1085454	0.1484459489583969
299023	0.020490994676947594
1085456	0.4754696786403656
1085457	0.7683880925178528
1085510	0.18329215049743652
1085517	0.050206370651721954
1085521	0.11750960350036621
299094	0.20520496368408203
1085532	0.07211884111166
1085533	0.4289191663265228
1085535	0.025258541107177734
299110	0.005612832494080067
1085545	0.12818452715873718
1085550	0.2147102653980255
823421	0.1768544316291809
1085572	0.6767973303794861
1085584	0.18289540708065033
1085586	0.3021848797798157
1085613	0.20699553191661835
1085630	0.2807772159576416
1085658	0.26628363132476807
1085674	0.11306924372911453
576360	0.012636919505894184
1085733	0.054368920624256134
1085741	0.04640715941786766
1085760	0.15605689585208893
1085762	0.04625718668103218
1085764	0.5673384666442871
1085775	0.12901726365089417
1085777	0.08568553626537323
1085779	0.24326305091381073
1085780	0.3207843005657196
299350	0.1246626004576683
1085796	0.1715116649866104
1085804	0.15183424949645996
1085812	0.2756246328353882
1085842	0.14440499246120453
1085845	0.024117063730955124
1085862	0.19462695717811584
1085889	0.32160452008247375
1085918	0.6568249464035034
1085924	0.3429242670536041
1085930	0.25056934356689453
1085936	0.2561640441417694
1085943	0.08223005384206772
1085967	0.5540029406547546
1085980	0.12696953117847443
1086008	0.04127580672502518
1086014	0.01856466569006443
1086022	0.07237862795591354
1086046	0.01177678257226944
1086075	0.16249248385429382
1086085	0.06162698566913605
1086120	0.2034095823764801
1086145	0.020275413990020752
299732	0.13439643383026123
1086174	0.037996478378772736
1086186	0.02314681187272072
1086200	0.006013030186295509
1086224	0.06355907768011093
1086241	0.0157329011708498
1086266	0.017651978880167007
1086271	0.048781219869852066
1086281	0.0818309485912323
1086288	0.3628704249858856
1086296	0.009179414249956608
1086305	0.1657869815826416
1086309	0.11202361434698105
1086326	0.016852600499987602
1086354	0.036812782287597656
299939	0.01163047831505537
1086384	0.048343561589717865
1086385	0.04609687626361847
1086424	0.024715356528759003
1086430	0.5582890510559082
1086439	0.0885126069188118
530602	0.17912326753139496
1086468	0.05601401627063751
1086491	0.3150005340576172
1086498	0.10808219760656357
530611	0.19900183379650116
1086532	0.19902479648590088
1086555	0.06408349424600601
1086565	0.08332161605358124
1086575	0.4709096848964691
1086581	0.03545089438557625
1086594	0.17717383801937103
1086595	0.062110092490911484
1086628	0.013197796419262886
1086637	0.11192977428436279
1086679	0.044065456837415695
1086681	0.034202512353658676
1086693	0.008473564870655537
1086701	0.39864644408226013
1086708	0.16392433643341064
1086713	0.02762540429830551
1086715	0.09168339520692825
300312	0.06019455939531326
1011248	0.04697438329458237
1086760	0.14967741072177887
1086765	0.1485627293586731
1086834	0.1764741986989975
1086836	0.02213468961417675
1086855	0.10435806214809418
1086860	0.0074829538352787495
1086874	0.2886122167110443
1086883	0.00979013741016388
1086886	0.028221672400832176
1086893	0.080880306661129
1086915	0.2768799662590027
1086917	0.11876153200864792
1086927	0.013193121179938316
1086928	0.18114498257637024
1086942	0.03234196826815605
1086974	0.7648658156394958
1086976	0.08046439290046692
1087014	0.07960821688175201
1087018	0.009216769598424435
1087042	0.0722862184047699
1087046	0.01862523891031742
1087047	0.027347225695848465
1087050	0.0440639927983284
1087061	0.04501855745911598
1087066	0.10233499109745026
1087074	0.011710942722856998
1087077	0.18789687752723694
1087105	0.12421179562807083
300674	0.5663848519325256
1087114	0.11810525506734848
562827	0.04866360127925873
1087122	0.06900326162576675
1087126	0.006473430898040533
1087129	0.2038373500108719
1087171	0.22938397526741028
1087173	0.13138963282108307
1087185	0.06386813521385193
1087186	0.26825469732284546
1087204	0.31553342938423157
1087215	0.2831459939479828
1087226	0.011751459911465645
1087238	0.006906136870384216
1087269	0.10720144957304001
1087309	0.03965066745877266
1087317	0.01428153831511736
1087327	0.18210820853710175
1087351	0.1529844105243683
1087361	0.06865593045949936
300933	0.02865883894264698
1087375	0.04397761449217796
792900	0.17261573672294617
563119	0.00661045266315341
1087425	0.031386829912662506
1087435	0.06495724618434906
1087455	0.07985550165176392
1087484	0.06978105753660202
1087486	0.03779907152056694
1087487	0.01812547631561756
1087492	0.010542362928390503
301061	0.0521559976041317
1087514	0.2090512067079544
1087544	0.0984874814748764
1087556	0.05594189465045929
1087566	0.02855178713798523
1087581	0.1000623032450676
1087603	0.06567586958408356
1087604	0.06620471179485321
1087609	0.3334106504917145
1087634	0.03831798583269119
1087675	0.11061215400695801
1087680	0.058513958007097244
1087687	0.15462644398212433
1087690	0.020054476335644722
1087722	0.16166815161705017
1087727	0.007800296414643526
1087728	0.14610673487186432
1087729	0.11869805306196213
1087736	0.0610814169049263
1087764	0.26266220211982727
1087766	0.04361951723694801
1087774	0.005564718972891569
1087795	0.11929696798324585
1087803	0.15335506200790405
1087835	0.058185990899801254
1087848	0.207570418715477
1087858	0.3308212161064148
1087869	0.0433783121407032
1087870	0.08319099247455597
1087904	0.03300362825393677
1087911	0.0654577687382698
563652	0.030601998791098595
1087959	0.03499939292669296
1087967	0.12414760887622833
1087969	0.0486905500292778
1087999	0.6297223567962646
825948	0.43741825222969055
825954	0.04841787740588188
1088138	0.200982928276062
39577	0.018949288874864578
1088164	0.3718474507331848
1088209	0.11596264690160751
1088210	0.2935275137424469
1088211	0.09111262112855911
1088221	0.4073169231414795
563943	0.024815475568175316
1088252	0.10199496895074844
1088254	0.04072742909193039
563995	0.11556196957826614
1088302	0.12624423205852509
1088309	0.22630952298641205
1088311	0.06440453231334686
1088332	0.17654898762702942
1088349	0.05724962428212166
1088358	0.10859782993793488
1088379	0.07123950868844986
1088434	0.7660243511199951
1088437	0.13855209946632385
1088444	0.5230767726898193
1088453	0.1732015609741211
1088475	0.21975275874137878
1088502	0.15029150247573853
1088510	0.10712084919214249
1088512	0.05869903042912483
1088515	0.10853757709264755
1088539	0.42032530903816223
1088541	0.17765364050865173
1088606	0.2490299642086029
1088628	0.1981966197490692
40056	0.05700152367353439
1088648	0.7044153213500977
1088653	0.11506292223930359
826513	0.18680843710899353
1088658	0.21587622165679932
1088685	0.10190807282924652
1088693	0.08084802329540253
1088715	0.4531863033771515
1088734	0.08377339690923691
1088742	0.4714164137840271
1088758	0.22324885427951813
302337	0.32581695914268494
564509	0.014026260934770107
1088800	0.33895614743232727
1088816	0.1496036797761917
1088832	0.09391139447689056
1088845	0.05610363930463791
1088856	0.43078750371932983
1088869	0.13666009902954102
1088875	0.0936625599861145
1088884	0.6590758562088013
1088889	0.20530854165554047
1088903	0.04587167128920555
40337	0.018740059807896614
1088915	0.15189020335674286
1088928	0.4109443128108978
1088938	0.016646087169647217
1088958	0.05872665345668793
1088960	0.49080756306648254
1088973	0.396122545003891
1088987	0.0718950480222702
1088993	0.03439526632428169
1089001	0.6974127292633057
1089002	0.7909422516822815
1089021	0.3629692792892456
1089022	0.041883740574121475
1089026	0.19758079946041107
1089027	0.039341844618320465
1089036	0.1469445526599884
1089043	0.03696630522608757
1089044	0.19520781934261322
1089051	0.3420651853084564
1089071	0.08509835600852966
1089085	0.7520145773887634
1089093	0.11618776619434357
1089121	0.09134554862976074
1089143	0.37165379524230957
1089156	0.7526289224624634
1089158	0.46583735942840576
1089164	0.48352301120758057
1089167	0.08765514194965363
1089177	0.06477755308151245
1089214	0.09860129654407501
1089246	0.1822359412908554
1089273	0.1356775015592575
1089277	0.05017435550689697
1089286	0.20792117714881897
1089293	0.2886357009410858
1089312	0.32813820242881775
1089325	0.021622488275170326
1089355	0.5883060097694397
1089376	0.18865101039409637
1089401	0.08563698828220367
1089406	0.0673939511179924
1089408	0.08338543027639389
1089414	0.11069924384355545
1089434	0.05743807181715965
1089438	0.05800711363554001
1089443	0.1928177922964096
1089469	0.11732906848192215
560673	0.03493745997548103
1089498	0.028793152421712875
1089501	0.02229747734963894
1089511	0.08999171108007431
565231	0.011722797527909279
1089521	0.3111039996147156
1089541	0.10318034142255783
1011713	0.34574073553085327
1089558	0.06358812004327774
1089560	0.06492514908313751
1089576	0.1167863979935646
1089597	0.2167055606842041
1089619	0.09853438287973404
1089639	0.6199346780776978
1089645	0.2073536068201065
1089656	0.28289690613746643
1089674	0.7973078489303589
1089678	0.016280056908726692
1089683	0.4384043216705322
1089688	0.11945401877164841
1089691	0.23296502232551575
1089693	0.032381508499383926
1089696	0.36477425694465637
1089706	0.1419411301612854
1089719	0.011694386601448059
1089727	0.16068348288536072
1089750	0.5390434861183167
1089760	0.083676777780056
1089763	0.6740483045578003
1089776	0.1132156029343605
1089787	0.013223636895418167
1089804	0.09819008409976959
1089805	0.671169638633728
1089810	0.14920790493488312
1089832	0.0716530904173851
1089846	0.009936939924955368
1089868	0.026448681950569153
1089896	0.09539991617202759
1089906	0.05188753455877304
1089925	0.533360481262207
1089940	0.1685812622308731
1089945	0.5829105973243713
1089964	0.23545806109905243
1089966	0.7860686779022217
1089983	0.07485438883304596
565696	0.007511569187045097
1090029	0.13778825104236603
1090043	0.46447911858558655
1090054	0.1978463977575302
1090063	0.23887571692466736
1090072	0.24772100150585175
1090077	0.02022961713373661
1090086	0.04585796594619751
1090100	0.4527963697910309
1090102	0.09182581305503845
1090107	0.007423066068440676
1090110	0.034411147236824036
1090115	0.015641337260603905
1090132	0.15451118350028992
1090146	0.2408410608768463
1090151	0.07918795943260193
565868	0.01628008671104908
1090165	0.21848651766777039
1090170	0.18027767539024353
1090171	0.14417849481105804
1090184	0.4305081069469452
303777	0.07425406575202942
303790	0.04915973171591759
1090242	0.19759859144687653
1090270	0.18355236947536469
1090350	0.05879001319408417
1090364	0.12531711161136627
303934	0.039971232414245605
1090374	0.18858517706394196
1090388	0.1466791182756424
813193	0.4199509620666504
1090395	0.053708095103502274
1090400	0.408885657787323
1090456	0.06381972879171371
1090458	0.08879663050174713
566174	0.16633901000022888
1090472	0.13869445025920868
1090530	0.02950994111597538
1090540	0.26688337326049805
41969	0.3372857868671417
1090613	0.17502281069755554
566335	0.06415245682001114
1090624	0.4458979070186615
909221	0.12753179669380188
1090700	0.05195838585495949
1090701	0.07167620211839676
828596	0.029104357585310936
1090742	0.18280018866062164
1090758	0.17777322232723236
1090791	0.011081666685640812
1090808	0.2784113585948944
1011925	0.050884705036878586
1090833	0.36820924282073975
1090838	0.2457779496908188
1090839	0.2565646171569824
1090841	0.05561183765530586
1090842	0.6270025372505188
1090861	0.27461695671081543
1090869	0.3165818154811859
1090877	0.12560661137104034
1090886	0.09634660929441452
1090910	0.11495040357112885
828779	0.09931866824626923
1090924	0.04677099362015724
837181	0.05354950949549675
42361	0.07386458665132523
1090945	0.1542818546295166
1090965	0.1490175575017929
1090987	0.2123970091342926
1091015	0.16622331738471985
1091048	0.0889553502202034
1091059	0.02492283657193184
1091068	0.045488838106393814
1091108	0.3097397983074188
1091112	0.24342678487300873
1091115	0.05949176847934723
1091116	0.03665819764137268
42568	0.5332220196723938
400311	0.12806199491024017
1091153	0.19177307188510895
1091164	0.24896344542503357
829025	0.1173291727900505
1091173	0.3506157398223877
1091177	0.16803045570850372
1091194	0.49980583786964417
566946	0.007742463145405054
1091246	0.0670062005519867
829103	0.12097153812646866
1091255	0.09022669494152069
1091330	0.09920093417167664
1091340	0.12545983493328094
1091421	0.5838218927383423
567159	0.11001655459403992
1091450	0.3373555541038513
1091467	0.21766361594200134
1091471	0.15398095548152924
1091473	0.33658504486083984
1091479	0.32346010208129883
1091513	0.04750782996416092
1091520	0.4764450490474701
1091522	0.5751063227653503
1091529	0.6355880498886108
1091535	0.301363080739975
829425	0.0425901934504509
1099433	0.0910210832953453
1091576	0.08938702195882797
1091595	0.32066988945007324
1091630	0.027351709082722664
1091643	0.2435176968574524
1091654	0.8274679780006409
1091659	0.1399843692779541
1091661	0.06187264993786812
1091665	0.8425606489181519
1091667	0.5841905474662781
1091681	0.06810421496629715
1091688	0.19157680869102478
1091715	0.13317376375198364
1091719	0.23699891567230225
567443	0.09038481116294861
567452	0.061867885291576385
1091749	0.1028742864727974
305333	0.0318891666829586
1091767	0.28231629729270935
1091786	0.0742306113243103
305361	0.032979026436805725
1091807	0.10737857967615128
1091811	0.461984783411026
1091833	0.10805709660053253
1091865	0.20839890837669373
567630	0.21216434240341187
1091923	0.8472735285758972
1091941	0.16043813526630402
1091955	0.4329723119735718
1091983	0.7041004300117493
1092005	0.08731453120708466
1092007	0.029897892847657204
1092010	0.007117720786482096
1092013	0.3114338517189026
1092023	0.6015340089797974
1092042	0.2836398184299469
837375	0.015700584277510643
1092093	0.22492995858192444
1092095	0.03412054106593132
1092105	0.4759194850921631
1092108	0.09259817749261856
1092120	0.04438801854848862
1092143	0.03188452124595642
1092159	0.22252564132213593
1092161	0.23902980983257294
1092162	0.1448068469762802
1092165	0.16277135908603668
1092168	0.8289002180099487
1092176	0.011654263362288475
1092180	0.13445883989334106
567895	0.014557198621332645
1092203	0.1980137676000595
1092236	0.20278777182102203
1092237	0.1394384652376175
1092238	0.5517823696136475
1092257	0.7307027578353882
1092258	0.1933053880929947
1092259	0.042571987956762314
1092263	0.1380399912595749
1092297	0.050390083342790604
1092311	0.1400623619556427
1092327	0.1665199100971222
1092330	0.3240986764431
1092342	0.03940758854150772
1092348	0.07784530520439148
43781	0.04438081383705139
1092391	0.164473757147789
1092394	0.0209230724722147
1092416	0.08434233069419861
1092417	0.04324112832546234
1092470	0.5557863712310791
1092474	0.7403030395507812
1092482	0.3650701344013214
1092484	0.4438968300819397
1092522	0.2764838635921478
1092528	0.3358733057975769
1092543	0.1440940499305725
1092551	0.0750400647521019
1092557	0.07364682853221893
1092605	0.11228390038013458
924844	0.1036721020936966
1092643	0.1188235729932785
44072	0.7092996835708618
1092665	0.06008071452379227
830551	0.1627223938703537
1092715	0.18179601430892944
1092724	0.26017987728118896
1092738	0.15525275468826294
1092751	0.16897858679294586
1092756	0.8371983766555786
1092757	0.12101747840642929
1092759	0.4460742473602295
1092791	0.18184955418109894
1092792	0.1366102248430252
1092796	0.8109923601150513
568526	0.08618371188640594
1092822	0.04406292736530304
1092832	0.05761123076081276
1092858	0.04464063048362732
1092863	0.1363055408000946
1092865	0.05776195600628853
1092870	0.3110364079475403
568585	0.11669579148292542
1092910	0.2716643512248993
1092911	0.13111114501953125
1092919	0.0871962159872055
568649	0.06261516362428665
1092942	0.025834612548351288
1092952	0.0445290133357048
1092972	0.06592331826686859
1092978	0.14010724425315857
1092984	0.029686911031603813
568703	0.06343483924865723
1092996	0.015873530879616737
1093006	0.061227813363075256
1093031	0.5607978701591492
1093038	0.05099552124738693
1093042	0.06931338459253311
1093064	0.5804513096809387
1093094	0.14179913699626923
1093096	0.017444569617509842
1093104	0.04422764107584953
1093107	0.2972617745399475
1093112	0.6294357776641846
1093128	0.02476041577756405
1093172	0.6288496255874634
1093179	0.12640973925590515
1093181	0.12363046407699585
831052	0.006288308184593916
1093200	0.3253571689128876
1093202	0.09389037638902664
1093235	0.018510816618800163
1093238	0.6565061211585999
1093255	0.14663831889629364
1093256	0.20634862780570984
1093305	0.2142837792634964
1093312	0.14472858607769012
1093359	0.04255075380206108
1093399	0.21925222873687744
1093405	0.25712838768959045
1093406	0.34630104899406433
1093407	0.10957839339971542
1093410	0.4463684558868408
1093419	0.07603520900011063
307005	0.011853634379804134
1093438	0.39208871126174927
1093443	0.2646467387676239
1093444	0.315311998128891
831315	0.010027294047176838
1093462	0.041915424168109894
1093481	0.11530885100364685
206762	0.05413004755973816
1093534	0.18928198516368866
1093540	0.03518456965684891
1093552	0.09244629740715027
1093556	0.14856208860874176
1093561	0.07710106670856476
1093564	0.11247477680444717
1093570	0.12756949663162231
1099767	0.050923336297273636
1093621	0.10787104070186615
1093637	0.08265548199415207
1093650	0.7139275074005127
1093682	0.8354935646057129
1093698	0.05546056851744652
45125	0.056375764310359955
831560	0.03886546567082405
1093717	0.20398834347724915
1093723	0.13343672454357147
1093732	0.7646647691726685
831601	0.32496878504753113
1093750	0.09988051652908325
1093757	0.24547091126441956
1093773	0.17195327579975128
1093781	0.03778083249926567
1093786	0.06798681616783142
1093791	0.5153239369392395
1093795	0.6237090229988098
569555	0.007223271764814854
1093845	0.3149815797805786
1012431	0.0401238352060318
1093855	0.2814132273197174
1093866	0.37558284401893616
1093875	0.062193989753723145
1093881	0.2058621644973755
1093901	0.6097769737243652
1093915	0.2651008069515228
1093920	0.6304283142089844
307492	0.09411554038524628
1093926	0.03505181521177292
1093927	0.23749549686908722
1093941	0.37775498628616333
307521	0.08450682461261749
1093959	0.17937074601650238
1093962	0.2859179675579071
1093966	0.19601722061634064
1093971	0.4459214210510254
569689	0.3592820465564728
1093998	0.11303135007619858
94953	0.46424582600593567
831871	0.15757407248020172
1094027	0.17602922022342682
1094056	0.10031145811080933
1094062	0.02558583766222
1056159	0.22086142003536224
1094081	0.6607840061187744
1094085	0.053730860352516174
51276	0.23762200772762299
831962	0.08351710438728333
1094110	0.4768443703651428
1094141	0.14151796698570251
1094145	0.21322321891784668
45590	0.016224799677729607
1094175	0.12600328028202057
1094197	0.09347377717494965
1094204	0.19522817432880402
1094215	0.1799413412809372
1094220	0.21417470276355743
569939	0.012631316669285297
1094232	0.19482861459255219
1094241	0.06352619081735611
1094271	0.13473467528820038
1094275	0.17748814821243286
1094316	0.2686770558357239
832188	0.05038334056735039
570070	0.04595683887600899
1094364	0.0384596586227417
1094369	0.05801835283637047
1094370	0.11586518585681915
1094394	0.1129448339343071
1094406	0.8316157460212708
1094440	0.3736099898815155
1094451	0.07328182458877563
1094453	0.032459333539009094
1094460	0.04076418653130531
1094469	0.3456543982028961
1094477	0.16093048453330994
45924	0.07169176638126373
1094501	0.079969622194767
1094509	0.4798489511013031
1094519	0.13252776861190796
1094536	0.046872686594724655
1094566	0.012388515286147594
1094578	0.030082659795880318
1094579	0.07283931225538254
1094612	0.7315160036087036
1094634	0.5719056129455566
46095	0.03256219998002052
1094689	0.5055967569351196
1094691	0.058701273053884506
1094693	0.08820004761219025
1094699	0.1770809292793274
1094724	0.05510301515460014
1094755	0.3530121445655823
1094759	0.22474974393844604
1094825	0.08058958500623703
1094840	0.03357985243201256
1094869	0.2888786494731903
1094943	0.02534661628305912
1094959	0.05623465031385422
1094962	0.04863637685775757
1094982	0.04299447312951088
1094991	0.554930567741394
1094999	0.05421728640794754
1095012	0.28972625732421875
570725	0.24916227161884308
1095055	0.005791893694549799
1095058	0.006191238760948181
1095066	0.013140036724507809
1095085	0.040096066892147064
1095092	0.16236744821071625
1095108	0.518415629863739
308687	0.02379973977804184
1095155	0.21510429680347443
570905	0.02571234665811062
1095233	0.7942742109298706
1095238	0.17546138167381287
570979	0.1217830553650856
1095278	0.18880292773246765
46711	0.05222175642848015
1095306	0.05469686537981033
1095308	0.02839534729719162
1095332	0.16928714513778687
1095335	0.332721084356308
1095354	0.08819694072008133
1095357	0.005934182554483414
1095360	0.3902777433395386
1095371	0.006492411717772484
1095377	0.02021118439733982
571103	0.017297331243753433
1095437	0.13650298118591309
1095469	0.039639029651880264
1095478	0.0353846475481987
1095490	0.03708482161164284
1095495	0.3166571855545044
1095523	0.09366588294506073
1095537	0.04180588200688362
1056405	0.03775475174188614
1095555	0.032912351191043854
1095557	0.02792215161025524
1095558	0.11274921894073486
1095560	0.03127041831612587
1095566	0.03625690937042236
1095571	0.030136100947856903
1095631	0.14983566105365753
1095633	0.043711546808481216
1095641	0.009826922789216042
1095650	0.009715837426483631
1095654	0.08733668178319931
1095687	0.040938183665275574
1095699	0.10895103216171265
1095704	0.05823162943124771
1095705	0.050786737352609634
1095711	0.005221247207373381
1095716	0.03776215389370918
1095723	0.009124787524342537
1095725	0.04199490323662758
1095747	0.054872773587703705
1095749	0.08425851911306381
571474	0.5096191763877869
1095787	0.19029633700847626
1095798	0.042060207575559616
1095806	0.03437938913702965
1095807	0.653973400592804
1095816	0.06875576078891754
1095845	0.0912916511297226
47270	0.10181974619626999
1095856	0.20123758912086487
1095857	0.10337644070386887
1095864	0.3785559833049774
1095868	0.5075795650482178
1095874	0.05821029469370842
1095876	0.05285390466451645
1095881	0.14657898247241974
1095921	0.008489973843097687
1095922	0.028286214917898178
1095928	0.013653418980538845
1095942	0.04072113335132599
1095955	0.2666449248790741
1095966	0.015821220353245735
1095971	0.1396229863166809
1095982	0.02552058733999729
571696	0.07956413179636002
1095988	0.006834792904555798
1095994	0.011203347705304623
95286	0.10391300171613693
1096006	0.023164285346865654
1096021	0.015122047625482082
1096025	0.027666550129652023
1096044	0.008479383774101734
1096045	0.0749330148100853
1096049	0.027411578223109245
1096065	0.007150756660848856
1096087	0.016783200204372406
1096118	0.19929218292236328
1096126	0.013700195588171482
1096180	0.09197444468736649
1096207	0.04665156081318855
1096211	0.03255632147192955
1096227	0.025249531492590904
571954	0.3751545250415802
1096252	0.03269445151090622
1096256	0.014879346825182438
1096258	0.2579697370529175
1096262	0.00893609132617712
1096268	0.053942978382110596
47716	0.09485292434692383
1096311	0.0903492197394371
1096347	0.19196099042892456
1096357	0.0718584731221199
1096360	0.11837273836135864
1096368	0.04806382954120636
1096371	0.022441299632191658
1096375	0.042873743921518326
1096376	0.09924178570508957
1096401	0.02293500117957592
1096425	0.029739385470747948
1096429	0.011506320908665657
1096431	0.006160747725516558
1096454	0.15935033559799194
1096457	0.010908340103924274
1096463	0.00675512058660388
1096475	0.0975177064538002
1096476	0.08580949902534485
1096479	0.22259947657585144
1096493	0.01591397635638714
1096498	0.005188693758100271
1096509	0.027792831882834435
1096516	0.04750576242804527
1096527	0.031117117032408714
1096532	0.039380788803100586
1096533	0.026814794167876244
1096541	0.04844428598880768
1096543	0.09410501271486282
1096551	0.07049118727445602
572286	0.006092030555009842
1096605	0.03479631617665291
1096607	0.030688507482409477
1096610	0.057443875819444656
1096619	0.16389833390712738
1096620	0.011271311901509762
1096628	0.8501027226448059
1096641	0.06861434876918793
1096656	0.013690952211618423
1096658	0.054472483694553375
1096694	0.11521623283624649
1096712	0.039349719882011414
1096739	0.013052190653979778
1096776	0.10607751458883286
1096787	0.5437663793563843
1096788	0.1786315143108368
1096794	0.22010506689548492
1096823	0.19318506121635437
1096827	0.02880972996354103
1096830	0.022516367956995964
1096840	0.3340761065483093
1096850	0.49082478880882263
1096855	0.3381527364253998
1096866	0.006931374315172434
1096870	0.12944966554641724
1096886	0.04210013151168823
1096887	0.04952983930706978
1096911	0.09714154899120331
1096932	0.4566479027271271
1096943	0.030460204929113388
1096944	0.1176404356956482
1096945	0.4768742024898529
1096947	0.05505666509270668
1096958	0.16404320299625397
1096964	0.7468444108963013
1096983	0.0487162210047245
1096998	0.07682808488607407
1097014	0.11309684067964554
1097023	0.007513738702982664
1097027	0.07881733030080795
1097069	0.16174817085266113
1097087	0.03922780230641365
1097093	0.11899518221616745
1097100	0.32988104224205017
1097118	0.07177392393350601
1097119	0.025545164942741394
1097135	0.155807226896286
1097153	0.029638737440109253
1097154	0.02279963530600071
1097195	0.15219691395759583
1097198	0.42770129442214966
313940	0.015042769722640514
1097213	0.005018537398427725
1097223	0.050267938524484634
1097242	0.6774101257324219
310853	0.009781544096767902
1097294	0.11631306260824203
1097298	0.1897978037595749
1097304	0.03781962767243385
1097314	0.2081899642944336
1097317	0.6661669611930847
835206	0.21948298811912537
1097359	0.029369398951530457
1097373	0.171129509806633
310948	0.10020500421524048
1097386	0.0577959269285202
1097438	0.009732910431921482
573157	0.0965995267033577
1097448	0.18358106911182404
1097449	0.07625491172075272
1097461	0.030360545963048935
1097469	0.10406449437141418
1097492	0.025473924353718758
311067	0.03841841593384743
1097508	0.016847701743245125
1097523	0.040476687252521515
1097537	0.5268609523773193
1056742	0.035234689712524414
48998	0.09272481501102448
1097585	0.6010022759437561
1097602	0.25371822714805603
835478	0.039344727993011475
1097674	0.09490500390529633
1097721	0.05275755375623703
573452	0.1903630495071411
1097746	0.2811683118343353
1097786	0.005315390881150961
1097796	0.07075559347867966
49234	0.6578781604766846
1005907	0.05860583856701851
1097894	0.02790597453713417
1097905	0.21318136155605316
1097906	0.018953096121549606
1097909	0.09072337299585342
1097937	0.09459828585386276
1097979	0.016493666917085648
1097995	0.020817894488573074
1097999	0.1402176469564438
1098010	0.14478035271167755
49435	0.07552747428417206
1098013	0.03889832645654678
1098044	0.019155098125338554
1098048	0.018865233287215233
1098071	0.22393880784511566
1098090	0.016127264127135277
1098101	0.05204042047262192
1098102	0.012557769194245338
1098110	0.06800702959299088
1098111	0.05004265531897545
1098169	0.015612773597240448
1098180	0.009638156741857529
1098182	0.044124506413936615
1098222	0.021527307108044624
1098226	0.00855380017310381
1098236	0.02365344576537609
573954	0.06471814960241318
1098249	0.03792467713356018
1098276	0.012793765403330326
1098284	0.05622350424528122
574002	0.008829346857964993
1098322	0.00841874722391367
1098338	0.009781736880540848
1098354	0.04148802533745766
1098355	0.00952805858105421
1098422	0.0059292674995958805
1098440	0.06869931519031525
1098452	0.008014931343495846
1098481	0.33930012583732605
1098497	0.04886920750141144
1098510	0.017838459461927414
1098520	0.013257086277008057
1098523	0.00827404297888279
1098536	0.07609184831380844
1098556	0.006456288974732161
1098561	0.0614914670586586
1098570	0.012381382286548615
1098600	0.010725964792072773
1098608	0.008183032274246216
1098609	0.04930460453033447
1098641	0.05218590050935745
1098646	0.04180125519633293
1098698	0.020786497741937637
1098719	0.0069726379588246346
1098725	0.03639718145132065
1098763	0.020263295620679855
1098765	0.01752995327115059
836640	0.006868915632367134
1098787	0.05174167454242706
312368	0.044932931661605835
1098802	0.01242999266833067
1098804	0.025486642494797707
1098809	0.17139483988285065
574547	0.02621890977025032
1098846	0.16267119348049164
574569	0.009767826646566391
1098860	0.2507074475288391
1098874	0.018863080069422722
1098895	0.0652412697672844
1098905	0.1268187165260315
1098909	0.1251542866230011
1098927	0.060108400881290436
1098967	0.005366792436689138
836832	0.011795482598245144
1099050	0.08967465907335281
1099065	0.13375891745090485
1099072	0.08010982722043991
1099084	0.028544632717967033
1099099	0.015065104700624943
1099108	0.012584824115037918
1099178	0.00512953894212842
1099189	0.05022672563791275
1099217	0.006553641986101866
1099219	0.03964635357260704
1099226	0.05917367711663246
574944	0.25550732016563416
1099244	0.18920153379440308
1099284	0.023896709084510803
1099288	0.2092982828617096
1099290	0.1586952656507492
1099321	0.25679129362106323
1099340	0.046271052211523056
1099342	0.07940470427274704
837202	0.13357898592948914
1099351	0.017851239070296288
1099368	0.044855665415525436
575096	0.07194292545318604
1099391	0.04201182350516319
575146	0.10404568910598755
1099451	0.11422323435544968
1099452	0.060667734593153
1099456	0.1019788309931755
50891	0.0892987996339798
1099482	0.10021299123764038
1099488	0.01881765015423298
1099530	0.18602879345417023
575268	0.01743669994175434
1099595	0.062159135937690735
837476	0.02623247168958187
1099626	0.17604012787342072
1099632	0.06221338361501694
1099636	0.04217429459095001
1099653	0.03471946343779564
1099656	0.11408618837594986
1099670	0.1024666503071785
575407	0.021867243573069572
1099700	0.03084467351436615
1099706	0.07007448375225067
1099729	0.8130664229393005
1099733	0.8428188562393188
1099739	0.13417984545230865
1099756	0.38482436537742615
1099761	0.5486909747123718
575492	0.027607155963778496
1099805	0.39554983377456665
1099806	0.138359934091568
1099816	0.04082534834742546
1099834	0.237079456448555
1099836	0.18975922465324402
1099855	0.7208266854286194
1099859	0.41291528940200806
1099865	0.06818556040525436
1099880	0.32714924216270447
1099888	0.06622602790594101
1099903	0.11795297265052795
1099911	0.28863394260406494
1099914	0.2286386638879776
1099943	0.03604144975543022
1099947	0.13177500665187836
1099955	0.0437198281288147
1099980	0.12811456620693207
1099981	0.32362616062164307
1099985	0.5998244285583496
1099998	0.7936539649963379
1100010	0.5452373623847961
1100035	0.16105544567108154
1100051	0.24021193385124207
1100064	0.13646355271339417
1100070	0.1289709210395813
1100077	0.44407331943511963
1100094	0.39058196544647217
1100105	0.5185374617576599
1100106	0.06249389052391052
1100119	0.16543693840503693
1100137	0.10565509647130966
1100138	0.47494372725486755
1100143	0.28880593180656433
1100151	0.1906011402606964
1100167	0.3024290204048157
1100168	0.17285415530204773
1100173	0.038999661803245544
1100187	0.652665913105011
1100188	0.050729792565107346
1100190	0.1972697675228119
1100192	0.06412794440984726
1100218	0.1314571052789688
1100224	0.7976049184799194
1100226	0.01642894186079502
1100229	0.1116655021905899
838101	0.08968349546194077
1100299	0.20146413147449493
1100308	0.5742456316947937
1100319	0.4935415983200073
1100357	0.5356371402740479
1100370	0.06548307836055756
1100403	0.7733227610588074
1100415	0.11332805454730988
1100438	0.2659062147140503
1100454	0.013927930034697056
1100455	0.02161293849349022
1100457	0.052599500864744186
1100458	0.8326862454414368
576195	0.03062605857849121
1100486	0.052298467606306076
1100488	0.09576034545898438
1100492	0.04653048515319824
1100496	0.034509968012571335
1100499	0.11766956746578217
1100505	0.08395477384328842
1100533	0.07058145105838776
1100537	0.04763230308890343
1100541	0.41681790351867676
1100544	0.20855571329593658
1100580	0.20734436810016632
576312	0.014784449711441994
1100634	0.097132608294487
1100640	0.19176208972930908
1100661	0.09180954843759537
1100687	0.019670026376843452
1100724	0.1908024251461029
1100732	0.3162737488746643
314307	0.007181779481470585
576452	0.23834306001663208
1100765	0.2954058051109314
1100772	0.26997289061546326
1100816	0.06209271773695946
1100839	0.35620003938674927
1100852	0.07814967632293701
1100855	0.24645967781543732
1100875	0.09602653980255127
1100919	0.4518263041973114
1100930	0.6162779927253723
1100933	0.45960068702697754
1100980	0.07482515275478363
838845	0.08691589534282684
1101018	0.2361767292022705
1101044	0.2272663414478302
1101048	0.15834543108940125
1101055	0.10832098871469498
1101088	0.3168613016605377
1101090	0.8282508254051208
1101121	0.3319404721260071
1101171	0.156362846493721
1101172	0.6311902403831482
1101173	0.27497968077659607
1101211	0.20285198092460632
1101214	0.04481254890561104
1101228	0.39602530002593994
1101236	0.13118405640125275
1101259	0.1729598194360733
1101276	0.1936436891555786
1101278	0.25833162665367126
1101279	0.035122498869895935
1101296	0.29084694385528564
1101300	0.026145506650209427
1101336	0.05332539230585098
1101341	0.03062218800187111
1101347	0.06161883845925331
8798	0.10324851423501968
1101374	0.028712496161460876
1101394	0.07798122614622116
577131	0.014237930998206139
445714	0.03395247086882591
1101434	0.20561186969280243
1101448	0.054370392113924026
577167	0.11192906647920609
1101466	0.12958791851997375
1101467	0.24972198903560638
1101503	0.18784543871879578
1101535	0.045924101024866104
1101552	0.05372795835137367
315131	0.01185773964971304
1101566	0.042446766048669815
1101567	0.10653320699930191
1101568	0.5654265880584717
1101576	0.07870564609766006
1101603	0.06454037129878998
1101661	0.03950456902384758
1101665	0.03570590168237686
1101668	0.46530139446258545
1101670	0.7897105813026428
1101674	0.06935174018144608
1101706	0.29266247153282166
1101714	0.05216823145747185
315291	0.01671828329563141
1101739	0.06680680811405182
1101761	0.22731004655361176
1101131	0.3213372230529785
53191	0.08254018425941467
1101784	0.1775408834218979
1101806	0.1467519998550415
576851	0.3691359758377075
1101822	0.023984339088201523
1101861	0.19530397653579712
1101869	0.20543454587459564
1101870	0.19556471705436707
1101902	0.3937378227710724
1101906	0.08403591066598892
1101961	0.06134418398141861
1101977	0.3842237889766693
1101995	0.021845387294888496
1102001	0.11153063178062439
839878	0.26952314376831055
1102028	0.03204803913831711
1102088	0.2946148216724396
577813	0.23635084927082062
1102121	0.32365337014198303
1102163	0.11683142185211182
840053	0.16679628193378448
1102206	0.04111287742853165
577930	0.163624107837677
1102235	0.293048232793808
1102240	0.17543035745620728
1102262	0.14513295888900757
1102300	0.17227120697498322
315884	0.00989485438913107
1102325	0.13256993889808655
1102330	0.05033601447939873
1102335	0.041913073509931564
53814	0.15404827892780304
1102393	0.025049876421689987
1102400	0.22595898807048798
53897	0.030810609459877014
708038	0.010832914151251316
53991	0.06356474757194519
840445	0.2787776291370392
1101271	0.3070398271083832
839128	0.009661643765866756
54040	0.020898301154375076
1092930	0.2175382673740387
578362	0.09217759966850281
1101282	0.3784966468811035
840532	0.15964950621128082
1101298	0.2831691801548004
54199	0.10956752300262451
1101303	0.07524341344833374
54235	0.25315478444099426
571237	0.010168323293328285
54307	0.3224213123321533
314907	0.00656629865989089
578735	0.11227715760469437
578783	0.09602443873882294
574730	0.12800279259681702
54531	0.061308544129133224
54544	0.023462673649191856
841020	0.004860594402998686
1101365	0.16051633656024933
54648	0.03375450149178505
795540	0.006510284263640642
316803	0.025121111422777176
841165	0.032698288559913635
54819	0.2566964626312256
54843	0.1464899182319641
579133	0.045499272644519806
882982	0.016307571902871132
1101443	0.04488852992653847
841521	0.043116550892591476
227637	0.2844967544078827
579479	0.022209102287888527
55223	0.21879811584949493
841665	0.15308672189712524
1014131	0.030631449073553085
841919	0.04082159698009491
841961	0.04096997529268265
841980	0.06409551203250885
489858	0.07137659937143326
842070	0.03608287125825882
842108	0.04247462376952171
55682	0.09956067055463791
55691	0.3266258239746094
140367	0.10153046995401382
842221	0.05648801103234291
842223	0.3894284665584564
842272	0.3909699022769928
55848	0.2537461817264557
842333	0.013486731797456741
318073	0.007159456145018339
580313	0.41961315274238586
56033	0.3770781457424164
580411	0.011899162083864212
580450	0.1075519397854805
842596	0.09421262890100479
56188	0.08487364649772644
580483	0.15908263623714447
988253	0.18383155763149261
839528	0.4988348186016083
53109	0.15892113745212555
1101698	0.04442286863923073
843140	0.05519837886095047
1101721	0.2405899614095688
1101723	0.01613917015492916
56740	0.04388252645730972
953355	0.24532313644886017
36388	0.06245233863592148
843409	0.10072529315948486
56993	0.06034308671951294
795951	0.2668118476867676
577511	0.3454579710960388
581521	0.0632183775305748
57258	0.10881150513887405
581552	0.12360697239637375
581666	0.05487118661403656
319564	0.02850942313671112
1101845	0.1583118587732315
319652	0.02130441926419735
581801	0.019193679094314575
1101868	0.3659352660179138
57614	0.06943588703870773
1101871	0.7519955635070801
581975	0.008112624287605286
844128	0.02684265561401844
796056	0.022194860503077507
970830	0.0082557313144207
604229	0.3595901429653168
582146	0.012635789811611176
792977	0.04331021383404732
320025	0.0437149740755558
57882	0.10287359356880188
320051	0.07152997702360153
844390	0.03393668681383133
320117	0.00574354687705636
58074	0.1314948946237564
58130	0.018882380798459053
844594	0.014524825848639011
320320	0.012072185054421425
1058284	0.07180321216583252
582557	0.030672630295157433
582641	0.19347873330116272
752473	0.5450611114501953
58409	0.020060064271092415
582705	0.06244577839970589
58551	0.6799269318580627
582848	0.1054324060678482
58571	0.024954425171017647
58583	0.06387500464916229
1093082	0.29937517642974854
320792	0.023816922679543495
58801	0.4027251899242401
320970	0.09633878618478775
1014697	0.10805276036262512
845304	0.18922992050647736
583234	0.11585453897714615
59030	0.14646591246128082
583325	0.040408674627542496
583369	0.19066230952739716
59084	0.2163030058145523
321239	0.03829716145992279
845529	0.09152461588382721
1086279	0.008087786845862865
59190	0.024382365867495537
59204	0.08120964467525482
59217	0.03687218576669693
845719	0.5885435342788696
583611	0.017636125907301903
845790	0.23315958678722382
59392	0.24781839549541473
583686	0.0662384033203125
59426	0.1263912171125412
845888	0.11004208773374557
845892	0.16989000141620636
1102177	0.4398839473724365
583766	0.01306423544883728
583798	0.01343303732573986
9926	0.17724910378456116
583916	0.01109131146222353
840061	0.30494946241378784
846082	0.14715361595153809
59654	0.07304518669843674
307504	0.23569945991039276
1084389	0.02231987938284874
321918	0.5934225916862488
321951	0.26329535245895386
846291	0.11123263090848923
1014885	0.20595495402812958
846438	0.05481184273958206
1049484	0.045864176005125046
322211	0.029998501762747765
846513	0.05097194015979767
322345	0.016678618267178535
584500	0.11315415054559708
584569	0.04176078736782074
584592	0.02997942641377449
60339	0.2498774230480194
60357	0.10768943279981613
846806	0.09634009748697281
584695	0.04045606404542923
1093142	0.1081688329577446
1102351	0.48917388916015625
584905	0.12041417509317398
60677	0.05403705686330795
141185	0.36540552973747253
578100	0.12925074994564056
53813	0.043223366141319275
1058717	0.027685411274433136
585165	0.02108968421816826
10157	0.24044613540172577
323096	0.03716713562607765
323154	0.03326914831995964
585344	0.023220976814627647
585378	0.008049375377595425
61180	0.8232311606407166
323382	0.004643850959837437
61277	0.09995944797992706
847722	0.16370999813079834
847726	0.04144621640443802
323535	0.47701048851013184
585680	0.16987718641757965
323555	0.03848126530647278
61452	0.03708146885037422
585743	0.01046657282859087
585806	0.05375022068619728
1005888	0.10781081020832062
61531	0.2664535641670227
61623	0.2419086992740631
1058853	0.017518246546387672
848100	0.0696459636092186
323815	0.05492100119590759
61836	0.053025346249341965
323998	0.04352876543998718
61882	0.05234880745410919
586268	0.0259405504912138
848432	0.6358692049980164
324159	0.01875241845846176
848478	0.24693208932876587
1093196	0.08706370741128922
62055	0.1921934187412262
62136	0.2359992116689682
62411	0.502743661403656
62439	0.16811306774616241
586740	0.05227334052324295
586785	0.10367555171251297
324645	0.013915431685745716
586790	0.2096540927886963
62554	0.21035973727703094
586916	0.04761434346437454
62648	0.1151975616812706
849142	0.5392404794692993
272605	0.026543548330664635
849337	0.12529784440994263
927989	0.0847904309630394
587326	0.009967559017241001
849561	0.024978112429380417
325292	0.01903940923511982
63152	0.03875831514596939
587524	0.022141573950648308
199442	0.0707671120762825
587674	0.030541913583874702
403793	0.1796194165945053
97972	0.042547136545181274
63548	0.20752637088298798
587853	0.019616061821579933
176701	0.17449970543384552
578607	0.12356933206319809
325929	0.033404141664505005
850236	0.32127484679222107
185397	0.23483866453170776
588122	0.07264602184295654
51054	0.285678505897522
850450	0.00560798030346632
326190	0.06915200501680374
850555	0.08912208676338196
850557	0.012805689126253128
64179	0.03421743959188461
971904	0.07688012719154358
326410	0.0059753344394266605
326417	0.014453699812293053
588627	0.04783208295702934
326509	0.028454633429646492
850820	0.017868157476186752
753479	0.09699803590774536
447648	0.37734708189964294
326629	0.027359411120414734
588829	0.14605921506881714
851004	0.2840416729450226
326719	0.007623894140124321
64711	0.0832550972700119
64960	0.20132680237293243
851425	0.025813760235905647
65000	0.290812611579895
65038	0.23410114645957947
851490	0.24763570725917816
589423	0.0432422012090683
489257	0.025581004098057747
65267	0.16237862408161163
589564	0.04472724720835686
851813	0.055024538189172745
65488	0.16757512092590332
589777	0.061221420764923096
327640	0.0281439907848835
65583	0.4222942590713501
65584	0.3931425213813782
852037	0.16150234639644623
327750	0.008080219849944115
589903	0.09974975138902664
65627	0.256185382604599
852179	0.10890913009643555
65770	0.3089211583137512
1093322	0.1987142264842987
328072	0.016749996691942215
65957	0.17568035423755646
271038	0.032440606504678726
66161	0.5329201221466064
66281	0.041654396802186966
328474	0.0069938465021550655
328527	0.013636041432619095
66389	0.11534126847982407
1058425	0.017851129174232483
328611	0.011807343922555447
328629	0.0343954972922802
328704	0.009868467226624489
590861	0.05916091054677963
1093349	0.01671866700053215
590945	0.24472656846046448
328814	0.4333339333534241
591026	0.018528034910559654
66771	0.09537659585475922
66908	0.1650562584400177
853344	0.00893012247979641
329114	0.029419835656881332
1091569	0.0433264784514904
591310	0.02936200425028801
853471	0.024512208998203278
203003	0.08681543916463852
67200	0.29647690057754517
853646	0.05149316042661667
329369	0.04356921464204788
853699	0.8115643262863159
1102099	0.21918907761573792
329515	0.0786300003528595
853882	0.03947623446583748
1059820	0.02125188335776329
853995	0.009521271102130413
591898	0.034813184291124344
591940	0.014535619877278805
854085	0.40683457255363464
591993	0.13068024814128876
28442	0.02650955133140087
329901	0.012664580717682838
67802	0.16135333478450775
329958	0.3438381850719452
592192	0.062897227704525
592220	0.06662967056035995
592235	0.018049752339720726
672429	0.007470960728824139
68095	0.10809600353240967
220495	0.030132703483104706
592495	0.026713119819760323
330419	0.014163908548653126
330450	0.058022916316986084
592601	0.10177314281463623
854785	0.05502479895949364
1016281	0.09406711161136627
592672	0.058934032917022705
330560	0.3933383822441101
854862	0.6784914135932922
330640	0.005905968602746725
1049767	0.13083802163600922
987720	0.03344332426786423
855031	0.8079692125320435
613318	0.3029295802116394
330792	0.2170403152704239
68832	0.13464006781578064
593135	0.02078871615231037
593275	0.052877411246299744
331141	0.09059050679206848
855546	0.2255646288394928
331352	0.05500534921884537
593541	0.04984007775783539
855725	0.01083590928465128
855727	0.0375516340136528
593732	0.043599456548690796
593792	0.016067299991846085
69506	0.19024790823459625
855968	0.19699542224407196
856171	0.06030161678791046
230082	0.09461194276809692
69789	0.05634675920009613
69871	0.20199061930179596
594295	0.03521861508488655
856568	0.06073495373129845
70340	0.15048658847808838
332600	0.033550962805747986
70504	0.18517188727855682
594793	0.19380615651607513
594831	0.07561200112104416
70595	0.13446487486362457
594930	0.43394234776496887
332797	0.051086124032735825
70709	0.1061394065618515
70720	0.10078578442335129
70787	0.16666410863399506
70852	0.07255366444587708
1093491	0.05137547478079796
333327	0.0823383554816246
71238	0.05411049351096153
988754	0.08461541682481766
595568	0.034645773470401764
595577	0.13673284649848938
333434	0.009945320896804333
831474	0.0325835756957531
333486	0.030037611722946167
1093507	0.19116102159023285
333579	0.04637809097766876
1049867	0.024230076000094414
333700	0.010949207469820976
596088	0.03179733455181122
596130	0.04052155464887619
1016869	0.24150000512599945
878615	0.05481046438217163
596468	0.04809551313519478
334433	0.4441911280155182
72398	0.0328877717256546
334558	0.02197173237800598
596716	0.0384673997759819
72435	0.4887174367904663
99461	0.1735619306564331
72485	0.21978336572647095
334754	0.858363687992096
72613	0.24685463309288025
788035	0.3080466389656067
334867	0.5531625747680664
334904	0.8657656908035278
334916	0.1024143248796463
859229	0.6633490920066833
859274	0.22418978810310364
859376	0.03999612480401993
73094	0.08226663619279861
597384	0.08660908043384552
73106	0.2776072025299072
597395	0.05960816144943237
73119	0.05708267539739609
46081	0.02902577631175518
859669	0.012947495095431805
73257	0.10635741055011749
859870	0.014293060638010502
335710	0.8356934189796448
335711	0.2587059736251831
597870	0.08573106676340103
860071	0.0403439886868
335910	0.7562341690063477
99676	0.11854954808950424
73788	0.31088143587112427
860266	0.22894957661628723
73853	0.26746559143066406
860462	0.11933048069477081
860542	0.005259914323687553
796812	0.05768974870443344
860655	0.03153456375002861
74328	0.1966707557439804
74356	0.21492993831634521
860942	0.25133126974105835
598802	0.00967611838132143
74637	0.18834368884563446
861169	0.12083003669977188
74759	0.15840168297290802
337073	0.05675869435071945
861403	0.020602378994226456
857943	0.00473777623847127
861433	0.08359448611736298
337190	0.07985925674438477
337209	0.10386806726455688
798967	0.7549216151237488
449442	0.651197612285614
599524	0.20653750002384186
599550	0.04158489406108856
75266	0.5745352506637573
709559	0.02281075529754162
75335	0.13924624025821686
75342	0.09693535417318344
337509	0.14670714735984802
599720	0.1521303504705429
667932	0.04792314022779465
875417	0.025112466886639595
75608	0.46219927072525024
75698	0.32386213541030884
75717	0.09945926070213318
337864	0.10351274162530899
56323	0.06396376341581345
75801	0.11041956394910812
338040	0.26021212339401245
405867	0.1545899361371994
862345	0.13202489912509918
600231	0.149120032787323
1102390	0.06745769828557968
862448	0.25632166862487793
600350	0.016492003574967384
862640	0.026114432141184807
76283	0.04966164752840996
862856	0.2735477685928345
338637	0.33171263337135315
1050033	0.15137869119644165
338696	0.02888275310397148
338713	0.2618791460990906
143849	0.3661808371543884
863112	0.2466944456100464
76770	0.04020851477980614
338917	0.18060126900672913
1017687	0.49028265476226807
601128	0.03428488224744797
339009	0.02671034075319767
863387	0.030774634331464767
77034	0.09098567068576813
863623	0.04966319724917412
863738	0.17143861949443817
77323	0.1533965766429901
601624	0.01714681275188923
601629	0.028634514659643173
339501	0.06958965957164764
77391	0.09930096566677094
601684	0.016574162989854813
77424	0.04970774054527283
77491	0.1905486136674881
339888	0.19488133490085602
339934	0.015239916741847992
339981	0.05887078866362572
340006	0.017690949141979218
77878	0.07790118455886841
602352	0.205623060464859
864507	0.007972732186317444
602413	0.07700630277395248
602652	0.07965586334466934
78418	0.1775330901145935
1017966	0.06738966703414917
340712	0.1269070953130722
602957	0.14487053453922272
78730	0.16242755949497223
603031	0.18482951819896698
603050	0.18779587745666504
755878	0.159644216299057
341039	0.09718141704797745
865426	0.08489203453063965
865476	0.432767778635025
865518	0.013343817554414272
341317	0.14939714968204498
603773	0.13453595340251923
865971	0.23684686422348022
341736	0.7100708484649658
866101	0.07184645533561707
79698	0.17082348465919495
866139	0.042563408613204956
866251	0.17347654700279236
604113	0.08801530301570892
604153	0.28209131956100464
79891	0.2385881543159485
362845	0.1400665044784546
342115	0.03727220743894577
866428	0.09243287146091461
342156	0.20132872462272644
342285	0.04124238342046738
342450	0.036309614777565
604619	0.48758071660995483
604628	0.05553951859474182
604673	0.30566665530204773
1061994	0.06298013776540756
80590	0.22920957207679749
604954	0.07591865956783295
1018359	0.5070589184761047
80876	0.20909565687179565
605169	0.042665984481573105
867490	0.20630307495594025
81075	0.21245193481445312
81137	0.34683167934417725
605467	0.25791484117507935
605648	0.44626855850219727
867947	0.3197748363018036
821068	0.007760653272271156
81649	0.024368971586227417
974808	0.06421176344156265
868184	0.18225516378879547
606117	0.22217415273189545
343976	0.037841688841581345
868410	0.05679596588015556
81993	0.27354708313941956
868487	0.05002027750015259
868525	0.2779461145401001
82100	0.08444518595933914
82161	0.352738618850708
868598	0.02709215320646763
344400	0.05740785226225853
57402	0.8431930541992188
82293	0.13378813862800598
57411	0.2876848876476288
82379	0.23497353494167328
868919	0.0387188084423542
995654	0.5462648272514343
869035	0.023190505802631378
606944	0.18586425483226776
712832	0.22174377739429474
82842	0.26335805654525757
869308	0.029576405882835388
869348	0.12445062398910522
82949	0.05529136210680008
607292	0.24722974002361298
607338	0.06913994252681732
259885	0.02782285027205944
975040	0.17449034750461578
607374	0.13572846353054047
869519	0.2566598057746887
345350	0.0908769741654396
345453	0.08682340383529663
607599	0.4290551245212555
869759	0.06709437817335129
869827	0.019622592255473137
83448	0.21363675594329834
83458	0.08397900313138962
869891	0.04182646796107292
83506	0.14445611834526062
607855	0.03810951113700867
83621	0.10133046656847
450851	0.01800740882754326
188714	0.026556169614195824
1016611	0.3175096809864044
870348	0.08893146365880966
608323	0.36997926235198975
870544	0.09593766927719116
916306	0.11767713725566864
870693	0.028147747740149498
608557	0.5673273801803589
870861	0.10109566897153854
870875	0.13970230519771576
84473	0.016205379739403725
84520	0.03354287147521973
844211	0.0045351129956543446
997932	0.005676568485796452
609024	0.35122960805892944
84778	0.08375216275453568
609104	0.12618164718151093
871376	0.1971019208431244
85053	0.019407888874411583
85095	0.024633100256323814
1091690	0.8366420269012451
609469	0.14173966646194458
800652	0.09867854416370392
609628	0.4814220666885376
954307	0.04074714332818985
347491	0.026522278785705566
609799	0.5681055188179016
872081	0.14154943823814392
609956	0.2556135356426239
610056	0.018166381865739822
975495	0.06178789958357811
610128	0.2150520235300064
610132	0.22061587870121002
610190	0.2828228771686554
85904	0.08030281215906143
872347	0.16483649611473083
482412	0.08834037184715271
85954	0.012388958595693111
348136	0.051380082964897156
86094	0.02541593834757805
348242	0.03868813440203667
1019236	0.012998607009649277
610425	0.13478438556194305
800792	0.040673498064279556
872632	0.10973358899354935
86203	0.024541910737752914
872655	0.06829942762851715
1019262	0.004887109622359276
86264	0.09949373453855515
872777	0.1357218623161316
872823	0.6798202991485596
931905	0.016107967123389244
872855	0.2015785276889801
610716	0.13278639316558838
872869	0.07142794132232666
348594	0.1757824867963791
872946	0.5074427723884583
610898	0.5485679507255554
86624	0.041884638369083405
669800	0.04568113014101982
610940	0.04687309265136719
348869	0.05936718359589577
873250	0.0787360817193985
348994	0.025989186018705368
611199	0.11068511754274368
611271	0.04194238781929016
87019	0.1520143449306488
611366	0.7983289957046509
611468	0.11205380409955978
58234	0.15178483724594116
611747	0.3418005704879761
873914	0.04468570649623871
975775	0.008414655923843384
189355	0.019996507093310356
87701	0.040984079241752625
874299	0.07290491461753845
87892	0.12952283024787903
87926	0.10109388828277588
874455	0.020594660192728043
88160	0.048890840262174606
612471	0.16815067827701569
874691	0.010312383063137531
1090542	0.06619974225759506
88284	0.06206222251057625
88375	0.021591395139694214
612670	0.1741376370191574
874827	0.13834919035434723
874876	0.014489294961094856
858391	0.3841725289821625
874914	0.07767859846353531
612846	0.1541026383638382
88577	0.022695403546094894
535421	0.38828885555267334
613179	0.13628928363323212
613214	0.04997570440173149
613233	0.23993539810180664
89143	0.046238552778959274
622734	0.14425896108150482
875787	0.04504035413265228
875796	0.006470652762800455
1019783	0.02064340002834797
613694	0.09693214297294617
757644	0.10830851644277573
89418	0.16127590835094452
613755	0.08709034323692322
875986	0.3485119044780731
613852	0.22247464954853058
613870	0.2955579459667206
89610	0.016466274857521057
351820	0.11595795303583145
614047	0.08549393713474274
89777	0.6268056631088257
614069	0.15784594416618347
888777	0.06795603036880493
89786	0.3333453834056854
614121	0.20024807751178741
614186	0.1642550528049469
614286	0.3358112573623657
352236	0.020690390840172768
614409	0.07081922888755798
90169	0.23793187737464905
90209	0.18025818467140198
614598	0.20609953999519348
876924	0.053039222955703735
352818	0.05668223649263382
877161	0.026749059557914734
1063709	0.023200485855340958
932639	0.27643251419067383
615219	0.08509509265422821
90941	0.05349299684166908
877453	0.04140976071357727
615383	0.04821963235735893
615457	0.17609691619873047
615624	0.2466277778148651
91345	0.03795759752392769
877810	0.14157254993915558
877845	0.12354827672243118
91422	0.3781792223453522
353623	0.08147260546684265
877938	0.2834527790546417
91711	0.07773537933826447
91722	0.2593620717525482
616045	0.11817114055156708
91790	0.17691446840763092
91881	0.11559725552797318
878367	0.031163863837718964
616331	0.3058982789516449
354222	0.09659982472658157
823596	0.152862086892128
616447	0.0871654525399208
92260	0.043802302330732346
980726	0.15605004131793976
354515	0.0649976134300232
878817	0.3821343779563904
878840	0.032488711178302765
92437	0.37650296092033386
627085	0.10740956664085388
878959	0.05403152480721474
92542	0.329339861869812
471983	0.2319137305021286
617167	0.03281358256936073
617246	0.08364752680063248
1085497	0.057692691683769226
321363	0.008606181479990482
879657	0.1136724203824997
93234	0.18384501338005066
93308	0.3463100790977478
93311	0.07788758724927902
355458	0.07685784250497818
879747	0.058201052248477936
617611	0.008181371726095676
355484	0.01369128655642271
998223	0.07392307370901108
1064155	0.032317932695150375
617795	0.010044613853096962
93649	0.14103682339191437
1020500	0.08959990739822388
93823	0.320797324180603
618223	0.07837280631065369
452572	0.1847006380558014
880527	0.2530360221862793
618408	0.03396809846162796
618486	0.06436479091644287
880766	0.2763584554195404
618818	0.2023078352212906
356916	0.018317600712180138
94782	0.21985316276550293
619087	0.19456331431865692
94865	0.06444314867258072
619159	0.27292460203170776
540109	0.7160038948059082
357162	0.009551145136356354
881582	0.04100268334150314
357340	0.023938409984111786
881695	0.2890416085720062
881723	0.016808917745947838
619675	0.08063026517629623
95409	0.03883277624845505
619805	0.050057925283908844
38098	0.017293311655521393
882002	0.007976316846907139
95651	0.2964417636394501
882141	0.016052132472395897
358150	0.025658097118139267
358240	0.05305341258645058
147090	0.25568458437919617
96250	0.06161893159151077
96310	0.007618938572704792
358455	0.015760045498609543
96379	0.16956566274166107
96420	0.09958016872406006
1091765	0.462252140045166
96602	0.4184761047363281
1020999	0.368651419878006
620992	0.05311296507716179
96749	0.16362981498241425
883282	0.011044120416045189
359040	0.047231756150722504
1094361	0.15162323415279388
621419	0.07090043276548386
97295	0.15758416056632996
359499	0.21258723735809326
883861	0.3694906234741211
453175	0.018007269129157066
97612	0.24397562444210052
97652	0.028807060793042183
97766	0.18870285153388977
759038	0.011693994514644146
622100	0.02534663677215576
97895	0.23656290769577026
97964	0.30017128586769104
989644	0.2986466586589813
884533	0.07508565485477448
98151	0.018452435731887817
802794	0.010867771692574024
884722	0.14182668924331665
693736	0.01787549816071987
622658	0.021762754768133163
622725	0.08399727195501328
884870	0.02640220709145069
884878	0.011736776679754257
893642	0.07406888902187347
42555	0.10699538886547089
622893	0.030640851706266403
885081	0.011448702774941921
98682	0.12336582690477371
885153	0.06284365803003311
885184	0.06904231011867523
98817	0.03746943920850754
98847	0.026663005352020264
885301	0.013746573589742184
885308	0.03691381961107254
623281	0.016051650047302246
885433	0.008433795534074306
885505	0.02604537270963192
1024599	0.2512176036834717
99183	0.1144452765583992
247717	0.008442787453532219
99267	0.05527467653155327
234998	0.041877731680870056
361594	0.014451994560658932
361620	0.09812617301940918
885932	0.0697617158293724
885986	0.12137956917285919
99556	0.13773047924041748
623857	0.11267920583486557
99805	0.33314067125320435
624143	0.008692237548530102
362016	0.22571012377738953
624176	0.006253825966268778
886332	0.004417600110173225
624199	0.1528480052947998
362076	0.063300222158432
886382	0.026951799169182777
100013	0.013169223442673683
100020	0.02085651271045208
100046	0.2667398154735565
822937	0.010882477276027203
624503	0.008894994854927063
100250	0.16857050359249115
100307	0.6146893501281738
624644	0.030653519555926323
100364	0.38069841265678406
584727	0.07619040459394455
624790	0.026097919791936874
605651	0.1283453404903412
497360	0.3034925162792206
624876	0.05252265930175781
100616	0.036570753902196884
100661	0.18453671038150787
625022	0.09654134511947632
1065388	0.020645828917622566
143025	0.317233681678772
887392	0.05143981799483299
887395	0.03406773507595062
887398	0.015864528715610504
919913	0.010754726827144623
625458	0.006394343916326761
363332	0.043619997799396515
1065448	0.05955611169338226
101451	0.43958842754364014
887906	0.052226267755031586
363637	0.1351635456085205
625782	0.015666618943214417
888100	0.09248439222574234
626005	0.22863762080669403
626232	0.00966927595436573
626318	0.023712411522865295
888559	0.02307962439954281
626462	0.0210134144872427
888796	0.008879794739186764
978259	0.04919206723570824
626701	0.015220200642943382
888911	0.0211905837059021
888934	0.023895572870969772
102506	0.04557112231850624
191853	0.08507850021123886
888988	0.25700843334198
889046	0.19329425692558289
102627	0.4713628888130188
626918	0.023681068792939186
889104	0.027228763327002525
102695	0.05267477035522461
483521	0.421133816242218
889289	0.2532040774822235
365044	0.02653064765036106
627323	0.054333291947841644
103125	0.599783182144165
627513	0.021240053698420525
1094575	0.21864861249923706
847415	0.043921034783124924
628056	0.4004693031311035
628085	0.005761849228292704
1022198	0.5082076787948608
890532	0.3516100347042084
824000	0.16478444635868073
628532	0.004331658128648996
104290	0.024520983919501305
890890	0.02265145070850849
978605	0.060530420392751694
803861	0.412500262260437
891082	0.0615011565387249
891498	0.043819449841976166
891565	0.30674779415130615
367290	0.15028706192970276
517245	0.4242806136608124
891719	0.041380368173122406
1049926	0.01638227328658104
1066161	0.009139285422861576
17586	0.048704057931900024
105549	0.13657131791114807
300306	0.006476724985986948
760367	0.055732470005750656
892224	0.028831467032432556
892329	0.1379646509885788
892454	0.8258367776870728
368229	0.07153031975030899
630391	0.048844121396541595
106125	0.04513396695256233
106508	0.17751649022102356
368728	0.17646121978759766
630905	0.06841878592967987
893275	0.020917875692248344
107077	0.04411514475941658
893681	0.01360691525042057
1022762	0.008657455444335938
107283	0.01829451508820057
164946	0.2673320174217224
893789	0.02778558060526848
631724	0.11844547837972641
236362	0.01422999519854784
894161	0.008189582265913486
632055	0.02513052150607109
323798	0.049717873334884644
107812	0.02268126606941223
632106	0.01795295625925064
369981	0.052822500467300415
632192	0.019974280148744583
370068	0.10134336352348328
1094727	0.14580698311328888
108037	0.07376068085432053
632394	0.08072685450315475
1094731	0.17211124300956726
632455	0.14597903192043304
370316	0.3202804625034332
894610	0.031618401408195496
632536	0.01496877521276474
632625	0.04639763385057449
108507	0.2415103167295456
632825	0.11707311123609543
804523	0.4136405885219574
370734	0.19729706645011902
108622	0.05018879473209381
632923	0.04161885380744934
370979	0.016034968197345734
542431	0.023759059607982635
633153	0.04213986545801163
149221	0.3978418707847595
371204	0.01739826239645481
633350	0.011395486071705818
760930	0.2811964154243469
633617	0.05738687515258789
633635	0.23058898746967316
1023111	0.18755662441253662
1042399	0.12982651591300964
895932	0.14265063405036926
371695	0.03699128329753876
633916	0.054224561899900436
109647	0.028485720977187157
633986	0.015259559266269207
633994	0.033809397369623184
634038	0.01004350371658802
109819	0.05523068085312843
634113	0.3173045516014099
634126	0.1552867591381073
109841	0.11837220191955566
634174	0.03950651362538338
372070	0.1131463497877121
896383	0.05352616682648659
518675	0.13137707114219666
372137	0.0124064851552248
326637	0.01729429140686989
634412	0.09994643181562424
634489	0.09895958006381989
372378	0.06095080077648163
634583	0.09953359514474869
896931	0.02101803384721279
372792	0.11859820038080215
635044	0.013485969975590706
635058	0.01953001134097576
635079	0.3249186873435974
897240	0.023773372173309326
635125	0.04788671061396599
804905	0.052890367805957794
635150	0.056562673300504684
635237	0.009663328528404236
897401	0.5012577176094055
373121	0.06252902001142502
463133	0.14217279851436615
897476	0.10490868985652924
373209	0.17615963518619537
635497	0.03068326786160469
635626	0.025000454857945442
897789	0.011465287767350674
635647	0.08316647261381149
897910	0.03010990098118782
897953	0.07218726724386215
635823	0.011567523702979088
897981	0.09410329163074493
111723	0.1146620512008667
630318	0.03971485793590546
636188	0.02180302143096924
280796	0.022754967212677002
111995	0.08393506705760956
112035	0.08782090246677399
280825	0.3618524372577667
761425	0.06080452725291252
1094863	0.2772325277328491
636434	0.1339019387960434
636437	0.04880419000983238
898686	0.08794426172971725
898714	0.5130607485771179
112318	0.0803677886724472
149801	0.02912082150578499
112477	0.21170903742313385
374690	0.29173171520233154
636853	0.04327255114912987
636929	0.05275888741016388
374799	0.0215179193764925
636949	0.18934366106987
112718	0.6589221954345703
717845	0.4267161190509796
899212	0.022393474355340004
637208	0.07005245238542557
637234	0.04954519495368004
899423	0.05786078795790672
18840	0.1873517632484436
375291	0.06051354110240936
929046	0.009849117137491703
637459	0.05129256844520569
899800	0.1436748206615448
899869	0.013961419463157654
900062	0.14715458452701569
900076	0.03614906594157219
900077	0.14177881181240082
113664	0.21132712066173553
113732	0.04518188163638115
375891	0.1250058114528656
900450	0.059394411742687225
900599	0.03924335911870003
638503	0.008916957303881645
900696	0.3178938031196594
900731	0.24265189468860626
376537	0.15371575951576233
638723	0.04770929738879204
900924	0.004381244536489248
638795	0.01706482283771038
114573	0.15398283302783966
114633	0.18075482547283173
114638	0.052065931260585785
638928	0.21388466656208038
849245	0.045573215931653976
639084	0.18725717067718506
313262	0.013548217713832855
639163	0.05467275530099869
901355	0.034392885863780975
639412	0.006602998357266188
639545	0.015368652530014515
639560	0.032606035470962524
115365	0.260655015707016
674595	0.6626356244087219
1086248	0.03613116964697838
377805	0.2115762084722519
115704	0.5212231278419495
640103	0.005405312869697809
115833	0.035235077142715454
412532	0.14361266791820526
115930	0.10613173991441727
640232	0.02024107426404953
47513	0.3656551241874695
902657	0.0344005823135376
79763	0.18512462079524994
902855	0.022179599851369858
116431	0.37607043981552124
116455	0.12911319732666016
1067990	0.025799762457609177
902919	0.046632274985313416
902931	0.02115434966981411
116517	0.05361111834645271
1024312	0.02646799013018608
309402	0.005097382236272097
893271	0.019596925005316734
903235	0.05509890243411064
116820	0.058521103113889694
849596	0.2997007966041565
641156	0.09187189489603043
955359	0.03771146014332771
116939	0.09665832668542862
237945	0.02756979689002037
641284	0.04535263404250145
641293	0.14944861829280853
117036	0.08537370711565018
903479	0.35574251413345337
117113	0.020858846604824066
379337	0.05331417918205261
641583	0.02332462929189205
641618	0.011907238513231277
903811	0.022390568628907204
980789	0.399173378944397
904007	0.026552608236670494
117683	0.24943462014198303
980811	0.09136208891868591
117728	0.014790339395403862
642032	0.21483828127384186
194430	0.2132379710674286
642352	0.03895017132163048
904542	0.06640219688415527
1100639	0.029753755778074265
904727	0.043737996369600296
118365	0.14811362326145172
118457	0.029246358200907707
380755	0.16630277037620544
905057	0.011686546728014946
905479	0.0769200250506401
119089	0.03981351479887962
119168	0.025921165943145752
905604	0.31350237131118774
643561	0.006270758807659149
905707	0.1266498863697052
643572	0.01979798637330532
905766	0.1130296066403389
119534	0.023904217407107353
119683	0.024925298988819122
906126	0.2822054326534271
644023	0.01588308997452259
119761	0.01266955304890871
194724	0.2934679090976715
544260	0.5060880780220032
119975	0.03939396142959595
1068584	0.025853917002677917
906692	0.030292868614196777
644658	0.7678168416023254
833268	0.02844570390880108
644746	0.030044034123420715
824542	0.03578638657927513
907046	0.044332969933748245
907127	0.013239138759672642
645024	0.006794934161007404
645252	0.13447245955467224
121017	0.023054957389831543
121023	0.018612554296851158
38946	0.06637267023324966
645343	0.04241647198796272
907538	0.016961177811026573
1095165	0.2907295525074005
645472	0.07593558728694916
645604	0.034262366592884064
850361	0.011168932542204857
907997	0.09690343588590622
645892	0.014058662578463554
908069	0.053974829614162445
908154	0.041566114872694016
646071	0.10397575050592422
908237	0.056648336350917816
908316	0.11413545161485672
646179	0.09189120680093765
908489	0.4445352554321289
646354	0.03439168259501457
384406	0.22700926661491394
646623	0.07870796322822571
564707	0.2101982831954956
122440	0.05796331167221069
831815	0.047659892588853836
122582	0.018697384744882584
719488	0.38338199257850647
122639	0.11582823842763901
909111	0.024817943572998047
384845	0.06639431416988373
909176	0.20891988277435303
122807	0.04760420322418213
384985	0.061207011342048645
647260	0.08896559476852417
909547	0.2587871253490448
20520	0.05060838162899017
647503	0.041105397045612335
647687	0.028004677966237068
680490	0.06737875938415527
909886	0.013237500563263893
385652	0.21733665466308594
123529	0.02209310419857502
647872	0.04942768067121506
647876	0.02628275565803051
647949	0.018215909600257874
123710	0.10035432130098343
910150	0.06795524805784225
648049	0.015162866562604904
648119	0.08948947489261627
123859	0.03433498740196228
798469	0.05760170519351959
910375	0.2242582142353058
123975	0.046596333384513855
124128	0.04944726452231407
910622	0.20553088188171387
910777	0.011813314631581306
910818	0.043266769498586655
910870	0.2595609128475189
386653	0.053621307015419006
124534	0.0962807908654213
545052	0.08703912049531937
648877	0.01916131190955639
911032	0.043036408722400665
911056	0.16646556556224823
588775	0.01635858602821827
124787	0.019083837047219276
649110	0.06186823546886444
649200	0.026188766583800316
492988	0.3041505217552185
649294	0.04910367727279663
562821	0.3096371293067932
64528	0.050994984805583954
257309	0.015175082720816135
649451	0.1054193302989006
911605	0.010898426175117493
108287	0.0559806190431118
588888	0.06297951936721802
387603	0.18395181000232697
649763	0.010950029827654362
387662	0.03728138655424118
125545	0.0112261101603508
649893	0.03695276007056236
125627	0.18079616129398346
865384	0.006095455959439278
387848	0.03442965820431709
125705	0.015156373381614685
387864	0.1447988748550415
650076	0.4350138008594513
912234	0.06000761687755585
125842	0.11695356667041779
125898	0.037753187119960785
125996	0.27249735593795776
650378	0.18177637457847595
650462	0.051338739693164825
850919	0.017561623826622963
388465	0.038889139890670776
388588	0.04447661712765694
912879	0.053780701011419296
912898	0.057959746569395065
126491	0.2627168595790863
126525	0.36687812209129333
912961	0.20832134783267975
912992	0.04296382516622543
913098	0.23378410935401917
913137	0.03790620341897011
913286	0.008066694252192974
651187	0.6949610710144043
913374	0.030463242903351784
913509	0.06678855419158936
127098	0.017513321712613106
389258	0.39354607462882996
913568	0.15382519364356995
913579	0.05469420179724693
1098953	0.0692736878991127
632726	0.19480770826339722
389385	0.0798252746462822
127315	0.11821083724498749
850957	0.009194284677505493
938773	0.25261300802230835
127682	0.027514399960637093
977467	0.04726589098572731
914321	0.014544631354510784
914368	0.047996826469898224
914406	0.01759052462875843
127984	0.05888299271464348
914545	0.06904652714729309
128158	0.02988961897790432
128166	0.07923778146505356
128178	0.018465803936123848
128200	0.08912210911512375
914637	0.06401041895151138
1026258	0.05097518116235733
652556	0.05857145041227341
914707	0.14926035702228546
914771	0.4192582666873932
390484	0.017688969150185585
1086675	0.05310763418674469
807845	0.1516318917274475
178859	0.13821761310100555
652912	0.01670255698263645
128633	0.4739834666252136
390813	0.06180700659751892
652961	0.28928154706954956
895263	0.42444247007369995
653041	0.009044278413057327
938963	0.11887239664793015
653054	0.06143326312303543
653092	0.04444902017712593
915305	0.04048462212085724
653187	0.10197728127241135
391101	0.06723348051309586
391125	0.24819041788578033
915544	0.2952714264392853
129205	0.11951379477977753
129228	0.0187983438372612
129229	0.04982350394129753
915762	0.03552812710404396
915769	0.05027960240840912
129491	0.015174085274338722
129517	0.01581752300262451
391662	0.021693583577871323
129641	0.055205732583999634
129684	0.011817061342298985
916186	0.038987189531326294
129792	0.00718033779412508
129837	0.16673199832439423
130034	0.3850540220737457
392195	0.059669896960258484
654459	0.008390861563384533
392350	0.7096548080444336
633375	0.04136301577091217
392393	0.47292113304138184
392488	0.21262450516223907
654633	0.011164887808263302
392501	0.538831353187561
633399	0.03556026518344879
786477	0.5670811533927917
916901	0.030745871365070343
1070324	0.09787118434906006
917015	0.016407456248998642
917022	0.3922102153301239
808200	0.037084709852933884
1070361	0.09538748860359192
655046	0.13682542741298676
21793	0.3693195581436157
392905	0.08186185359954834
655057	0.02695460058748722
392936	0.08085911720991135
130825	0.1331891119480133
917283	0.10286539793014526
917334	0.09251711517572403
130932	0.021358026191592216
917489	0.038877714425325394
393203	0.17389683425426483
917536	0.4428453743457794
393268	0.030739355832338333
393420	0.031624890863895416
393462	0.6996636986732483
917789	0.030446916818618774
371420	0.0799587219953537
917825	0.05575106665492058
1026789	0.37234988808631897
393696	0.06331972032785416
131597	0.02329598180949688
131665	0.05939079821109772
153027	0.38921448588371277
393881	0.06376644223928452
131768	0.015867944806814194
393954	0.23809151351451874
824920	0.02693156525492668
131873	0.17996442317962646
394021	0.2418910712003708
918324	0.26657533645629883
131925	0.03843105211853981
394095	0.21354565024375916
656250	0.10673963278532028
656345	0.07046664506196976
656371	0.10184487700462341
656376	0.011773752979934216
132104	0.226215660572052
132151	0.016306739300489426
240489	0.0906587615609169
132263	0.04187637194991112
656602	0.17219913005828857
132317	0.08153660595417023
132359	0.018095165491104126
918800	0.11679302901029587
132473	0.3993695080280304
656859	0.024210190400481224
808528	0.1680431216955185
983299	0.21569593250751495
132639	0.009953808970749378
657091	0.009994099847972393
919310	0.16684077680110931
395038	0.04473470523953438
1070728	0.13084276020526886
657204	0.038615480065345764
896479	0.24359126389026642
657264	0.13731178641319275
133037	0.2808965742588043
395382	0.4485726058483124
919712	0.028884701430797577
395538	0.048781685531139374
939744	0.16180609166622162
395786	0.09017055481672287
657974	0.2380553036928177
763878	0.04418268799781799
920218	0.2159557193517685
808746	0.03611932694911957
134014	0.0795728787779808
920458	0.05257488042116165
658498	0.22307755053043365
396391	0.3619166910648346
920717	0.015433043241500854
920753	0.4211585819721222
658667	0.04398777708411217
920885	0.02346654050052166
789997	0.026804624125361443
921173	0.027862947434186935
66154	0.09985993802547455
134861	0.06500941514968872
659182	0.15051499009132385
921348	0.03411112353205681
659230	0.1950734257698059
397090	0.08654095232486725
659247	0.15928329527378082
135079	0.03656919673085213
921621	0.06668944656848907
397417	0.07847988605499268
921812	0.03483530879020691
135386	0.027557315304875374
135464	0.06033346801996231
135465	0.05832977220416069
135516	0.07594515383243561
922024	0.11435142159461975
135633	0.06287365406751633
135635	0.1663123071193695
659929	0.0160992331802845
660046	0.1608109176158905
922335	0.34406423568725586
660220	0.026467228308320045
922389	0.08065150678157806
109276	0.15805202722549438
22670	0.24338902533054352
136098	0.12248511612415314
398258	0.07518251240253448
136157	0.08372977375984192
922593	0.1008436381816864
660479	0.032539818435907364
136209	0.03640181943774223
660534	0.0072391279973089695
398447	0.3241752088069916
660672	0.038281477987766266
660803	0.19139321148395538
660957	0.007567598484456539
136700	0.040579743683338165
503381	0.10998615622520447
660999	0.01970636285841465
661028	0.03682199493050575
661076	0.02403002232313156
459707	0.2299499213695526
661398	0.07715732604265213
399364	0.06111485883593559
399414	0.03234180808067322
399527	0.0916644036769867
137411	0.021496111527085304
137440	0.040273360908031464
399617	0.3719579875469208
137508	0.013667495921254158
853057	0.1926860809326172
924047	0.013807171024382114
661945	0.02215122990310192
662016	0.013116764836013317
399970	0.08472099900245667
137889	0.12157831341028214
137919	0.06762780994176865
662282	0.20623165369033813
662334	0.22403615713119507
138127	0.024828646332025528
924567	0.005775595083832741
662436	0.019404321908950806
138223	0.18141858279705048
662524	0.11601735651493073
138266	0.09326158463954926
372586	0.03981116786599159
924895	0.2441524714231491
400631	0.07175155729055405
138492	0.23696397244930267
924978	0.041596945375204086
400692	0.1360599547624588
126821	0.08363182842731476
925059	0.019749222323298454
138629	0.01723705790936947
138640	0.07398658245801926
400803	0.5404506325721741
663006	0.23248246312141418
138793	0.21449021995067596
663131	0.1333404928445816
139090	0.01112678088247776
663388	0.2055600881576538
925571	0.20683158934116364
401287	0.11405239254236221
139239	0.04384619742631912
925766	0.30311134457588196
23223	0.469199001789093
663679	0.05596333369612694
110614	0.056686799973249435
139405	0.026336895301938057
663771	0.03438565507531166
401640	0.3262573182582855
925951	0.036931362003088
663820	0.03294664993882179
926019	0.09131745249032974
663890	0.08582305908203125
926064	0.1115749254822731
663950	0.07236392050981522
401878	0.4148912727832794
1028179	0.10351274162530899
139767	0.10797706991434097
664138	0.12140070647001266
139897	0.008378361351788044
664194	0.10288458317518234
139929	0.2892749011516571
402075	0.115129753947258
926436	0.15238791704177856
140161	0.05561710149049759
402318	0.1335105150938034
140216	0.011279536411166191
140238	0.030601583421230316
926700	0.1747799962759018
402417	0.2404182404279709
402427	0.09958206862211227
926980	0.015509210526943207
140696	0.045587487518787384
1090961	0.20381112396717072
665009	0.42435064911842346
927196	0.042936649173498154
140804	0.4947117865085602
809909	0.05130946263670921
198246	0.24036093056201935
140921	0.252243310213089
665231	0.11291094869375229
403095	0.15150782465934753
927553	0.018651239573955536
766272	0.1260928064584732
547820	0.288383424282074
403361	0.1465659886598587
403388	0.06456747651100159
403454	0.15130303800106049
161828	0.11105788499116898
141353	0.05234362557530403
766301	0.20337766408920288
722615	0.2127465456724167
141472	0.07535706460475922
984774	0.007192010525614023
665972	0.028865670785307884
141694	0.21515975892543793
488021	0.2151557207107544
403954	0.14250852167606354
404051	0.38851284980773926
142039	0.07179111242294312
928478	0.22529742121696472
404202	0.1490917056798935
928567	0.11625214666128159
928572	0.007963399402797222
142153	0.041429828852415085
928753	0.161484956741333
589586	0.10258999466896057
142382	0.1253088265657425
666694	0.11605757474899292
142411	0.1833173930644989
666792	0.07774288952350616
404713	0.27950599789619446
142579	0.29366186261177063
142782	0.28313761949539185
142831	0.13690254092216492
667136	0.0634111613035202
405036	0.29850083589553833
929372	0.2025424838066101
405090	0.0947040244936943
1090329	0.029548799619078636
929473	0.0472528375685215
667373	0.027657700702548027
405238	0.23712901771068573
405310	0.12482964247465134
405330	0.5342159271240234
1028752	0.13886040449142456
667535	0.06340225040912628
143293	0.12342995405197144
143424	0.12849663197994232
143464	0.14076705276966095
405660	0.15585696697235107
1072500	0.19603610038757324
1072506	0.07699804753065109
405737	0.29284870624542236
930124	0.040269020944833755
155041	0.4036105275154114
405985	0.3063938021659851
930293	0.20560422539710999
930326	0.010051073506474495
111377	0.0831017792224884
406140	0.22796057164669037
679360	0.12451279163360596
144028	0.20636330544948578
406181	0.13233625888824463
930483	0.09288328886032104
406205	0.36791476607322693
941515	0.1380019336938858
930534	0.11548430472612381
930549	0.03152696415781975
930621	0.10654155164957047
406351	0.1771310716867447
406386	0.21143493056297302
144254	0.40459272265434265
144285	0.394491583108902
930721	0.00470892246812582
406525	0.17556169629096985
406576	0.3411388695240021
144491	0.23332534730434418
1034839	0.3274269998073578
144528	0.1996399313211441
406718	0.39134329557418823
746785	0.11156786978244781
144682	0.09491880983114243
24115	0.4922061860561371
144694	0.10201730579137802
931147	0.034111060202121735
240504	0.074364073574543
669046	0.03856389969587326
406923	0.4733337461948395
406974	0.34540677070617676
144857	0.33125996589660645
407102	0.11856231093406677
407131	0.15107432007789612
669288	0.48846662044525146
407274	0.09978393465280533
669427	0.056364018470048904
669444	0.05664396658539772
931726	0.5949181318283081
931772	0.23093773424625397
810660	0.04464675858616829
931940	0.020399732515215874
407662	0.1458565592765808
669979	0.23110221326351166
407869	0.02313384972512722
670022	0.0555967353284359
145821	0.4123817980289459
670142	0.11361555010080338
145877	0.46812817454338074
408134	0.5574567317962646
408149	0.28170767426490784
932495	0.34905004501342773
417570	0.04935050755739212
408275	0.12297271192073822
670437	0.10779042541980743
670476	0.03168996796011925
146212	0.23077574372291565
146244	0.13895940780639648
146269	0.44825613498687744
408419	0.2564373016357422
408427	0.022563520818948746
932735	0.14634846150875092
670600	0.05161063373088837
1090352	0.05247446149587631
408563	0.3851380944252014
932878	0.0672120675444603
670829	0.05060933902859688
408696	0.11835392564535141
408739	0.1830248385667801
146598	0.04375378042459488
408765	0.04979711398482323
933132	0.0831834152340889
408945	0.3893824517726898
933236	0.23502567410469055
146812	0.06008429825305939
409071	0.5021471381187439
671219	0.01446852833032608
409143	0.23216396570205688
898318	0.31258732080459595
57270	0.18682201206684113
409207	0.06716004014015198
147073	0.5668860077857971
933551	0.048363957554101944
147166	0.15720735490322113
933652	0.09234435111284256
671579	0.008177735842764378
933742	0.08836513757705688
147337	0.204915389418602
671692	0.049220163375139236
409557	0.21253055334091187
933861	0.01467153150588274
933946	0.09275230020284653
147542	0.45050254464149475
409694	0.1783100813627243
934134	0.015453764237463474
409854	0.06271345168352127
409887	0.045643165707588196
934223	0.014231841079890728
934235	0.022103210911154747
672109	0.07259000092744827
148016	0.2909304201602936
1052414	0.060211360454559326
672352	0.06686051934957504
672433	0.007262403145432472
792789	0.16210594773292542
942221	0.05024221912026405
934795	0.03610634803771973
148424	0.24864152073860168
672753	0.1297873556613922
934964	0.48089438676834106
148564	0.10942430049180984
286915	0.06999882310628891
148633	0.11610135436058044
243244	0.0053657409735023975
148761	0.18208502233028412
148777	0.11243922263383865
148851	0.4386870861053467
673143	0.17671845853328705
898631	0.42810919880867004
935358	0.17876078188419342
935362	0.039188452064991
935364	0.043568260967731476
811266	0.0668322890996933
149161	0.14342978596687317
935707	0.06470926851034164
680250	0.03830987587571144
149447	0.057976458221673965
800243	0.03010963462293148
411660	0.4062657952308655
935952	0.1344188153743744
935973	0.03357914462685585
855050	0.7869322896003723
549219	0.016745032742619514
149670	0.05643390119075775
549235	0.00823876541107893
673984	0.2195831835269928
936182	0.0229350496083498
149767	0.11493664979934692
149790	0.21228627860546112
411953	0.16322919726371765
936273	0.04925638809800148
301777	0.10739633440971375
149853	0.07437250018119812
936501	0.0090929651632905
150087	0.0840352401137352
412319	0.7533329129219055
412340	0.03701287880539894
412352	0.13355472683906555
674702	0.1243438795208931
412597	0.1920260488986969
674914	0.658233106136322
986316	0.5677244067192078
412982	0.08398749679327011
413040	0.06757693737745285
413079	0.17972803115844727
820027	0.07366709411144257
937427	0.013287002220749855
151011	0.03224464878439903
156251	0.20631463825702667
937578	0.03006225824356079
413404	0.17848220467567444
675719	0.03464113175868988
937947	0.04621320962905884
151547	0.21747031807899475
938066	0.021245095878839493
938140	0.01146451011300087
413858	0.059251900762319565
413905	0.09778735786676407
200062	0.08340294659137726
938359	0.20792722702026367
676275	0.011166383512318134
414155	0.05728188902139664
25344	0.05591694265604019
414276	0.27445700764656067
676454	0.043023016303777695
768133	0.11171916872262955
152519	0.11657748371362686
414714	0.13831117749214172
939020	0.10152063518762589
414733	0.23312093317508698
152598	0.03174049034714699
414757	0.22158895432949066
414799	0.3985098600387573
939104	0.014970391057431698
1029291	0.04173218458890915
677212	0.4283570945262909
415165	0.4960887134075165
153037	0.16031339764595032
939473	0.023396460339426994
153048	0.7831607460975647
677460	0.1930549591779709
418752	0.013112821616232395
677519	0.39564698934555054
415474	0.44731438159942627
415500	0.24794118106365204
677672	0.12058275938034058
939866	0.01846100389957428
506181	0.0606430321931839
637254	0.02044818177819252
563771	0.16013726592063904
153588	0.8342605829238892
677936	0.0660690888762474
415815	0.1385907083749771
153739	0.052331794053316116
153794	0.801580011844635
415962	0.16994954645633698
678176	0.12700195610523224
940386	0.14783695340156555
1096257	0.04482848197221756
153981	0.8089572787284851
768411	0.27192115783691406
416228	0.19896504282951355
154301	0.09691740572452545
416457	0.0936475470662117
154372	0.07749268412590027
940916	0.06356915086507797
940940	0.01604551263153553
678913	0.24383889138698578
154633	0.01872851327061653
416846	0.1352795958518982
165135	0.46354904770851135
154785	0.11513706296682358
941219	0.026149818673729897
679167	0.07002294808626175
417040	0.35962480306625366
417080	0.14148062467575073
200600	0.056585654616355896
155056	0.17481625080108643
808235	0.20694591104984283
155086	0.23198214173316956
679390	0.2040448784828186
155119	0.03599490970373154
417362	0.06176978722214699
155234	0.456822007894516
417404	0.12130498141050339
941749	0.03322092443704605
679658	0.04907316714525223
941865	0.09410784393548965
637576	0.04164879769086838
417664	0.12110862135887146
679878	0.07937339693307877
155700	0.3822770416736603
417902	0.1232190653681755
417946	0.06892489641904831
680102	0.14837098121643066
418032	0.06984172016382217
418063	0.14177867770195007
942354	0.046500999480485916
418165	0.054123103618621826
680324	0.06939646601676941
418195	0.17127223312854767
156052	0.4662708640098572
680373	0.3386503756046295
418353	0.02809208072721958
156215	0.07010922580957413
942651	0.015782302245497704
680514	0.053775854408741
418423	0.4855252504348755
156379	0.19008301198482513
418552	0.1207665503025055
755907	0.4703422784805298
942915	0.0398709736764431
418633	0.035459551960229874
680951	0.6290224194526672
92509	0.11341611295938492
943170	0.0167780090123415
943190	0.01631956174969673
594105	0.11465217173099518
418926	0.1871861219406128
418977	0.17496615648269653
156889	0.17242547869682312
681514	0.018089884892106056
681264	0.25042790174484253
157149	0.05607813969254494
419326	0.19805605709552765
419333	0.42767781019210815
681791	0.45062530040740967
419692	0.12527334690093994
157580	0.12208973616361618
681944	0.4352359175682068
1031173	0.014850116334855556
682025	0.22030194103717804
944181	0.014267809689044952
944194	0.0074328952468931675
944245	0.012828778475522995
682105	0.11452632397413254
682205	0.16080017387866974
944451	0.3479738235473633
769085	0.18925464153289795
682365	0.03173631429672241
900164	0.07731539011001587
244808	0.03317830339074135
682425	0.008812515996396542
420304	0.1744564324617386
420365	0.22385314106941223
420400	0.05782245472073555
944700	0.16767022013664246
682626	0.08387956023216248
214771	0.3272319436073303
944949	0.10117241740226746
420673	0.25593677163124084
682910	0.06924548000097275
113826	0.12108251452445984
987644	0.0764164850115776
420867	0.28881770372390747
683045	0.19236595928668976
987657	0.45884570479393005
420934	0.016169780865311623
987660	0.018591808155179024
420980	0.13664455711841583
158887	0.139114648103714
26485	0.04256176948547363
507086	0.18337690830230713
421145	0.13640731573104858
159078	0.12050360441207886
421437	0.752490222454071
1075156	0.16771948337554932
267187	0.007096435409039259
159667	0.14417466521263123
421813	0.4469295144081116
1031502	0.04603487253189087
507221	0.057486873120069504
114037	0.2619314193725586
946428	0.30798399448394775
422152	0.123094841837883
422268	0.16291728615760803
1031580	0.014550236985087395
684459	0.06492584198713303
422398	0.08531422913074493
160255	0.3100757598876953
160312	0.03578449413180351
946747	0.022944683209061623
160339	0.13445714116096497
422501	0.04916108399629593
944231	0.06893344223499298
946825	0.1558866649866104
422609	0.2913886308670044
422624	0.3784262537956238
684780	0.04300243780016899
160562	0.1494978368282318
422827	0.14601373672485352
684977	0.5259957909584045
160694	0.07187151163816452
160735	0.05804738029837608
685091	0.024135440587997437
160808	0.11349338293075562
422955	0.41101309657096863
990938	0.18832528591156006
685177	0.2738509774208069
682190	0.3256351351737976
423178	0.3660745322704315
565856	0.16440007090568542
161117	0.07744630426168442
947678	0.05218415707349777
685591	0.07728573679924011
947785	0.12434538453817368
161418	0.12217387557029724
423608	0.6301718354225159
423646	0.174139142036438
947974	0.006127089262008667
616415	0.0063244616612792015
423878	0.2124672383069992
424045	0.17010818421840668
424092	0.13709436357021332
948397	0.0376424677670002
686260	0.1206296905875206
686290	0.09774468094110489
948452	0.07121529430150986
948532	0.06933056563138962
551309	0.042467083781957626
1031910	0.08935122191905975
686469	0.05639132857322693
424408	0.17167921364307404
424449	0.27927646040916443
162351	0.05231793224811554
424509	0.09068801254034042
948829	0.35877853631973267
686739	0.1117936223745346
686746	0.01579938270151615
424753	0.11475394666194916
813536	0.12647467851638794
162662	0.2595252990722656
424898	0.19962769746780396
425072	0.06862004846334457
1100937	0.057941678911447525
687245	0.018920062109827995
163038	0.09422510862350464
813605	0.3333623707294464
638849	0.008411501534283161
687375	0.12419012933969498
1032074	0.4647620916366577
425330	0.18064452707767487
425375	0.1120728999376297
949686	0.37119218707084656
988412	0.04517730697989464
687615	0.19241708517074585
687632	0.011269776150584221
425505	0.12650105357170105
813675	0.20403674244880676
625205	0.01770901307463646
163570	0.0824740082025528
163602	0.058269768953323364
950139	0.07149356603622437
249866	0.02997882291674614
163860	0.021467125043272972
163912	0.05779396370053291
950355	0.09335854649543762
426214	0.23124338686466217
426347	0.04639632627367973
1079141	0.06449756026268005
164282	0.29074642062187195
426442	0.22174589335918427
688644	0.14742664992809296
901206	0.013727108016610146
426504	0.44759199023246765
950799	0.1727183759212494
688711	0.022104134783148766
1075980	0.216691255569458
688739	0.12242059409618378
426622	0.045924145728349686
164528	0.10521706193685532
164912	0.05619983747601509
689223	0.010883082635700703
427086	0.1880268007516861
165002	0.10911569744348526
165007	0.07221774011850357
813953	0.1155414804816246
427340	0.39012613892555237
202306	0.10493984073400497
951820	0.19158031046390533
689700	0.04629390686750412
817309	0.19461137056350708
689851	0.028417423367500305
689885	0.22021564841270447
952047	0.10022661834955215
690010	0.10390858352184296
165807	0.04566942900419235
907173	0.011703351512551308
952378	0.02695601060986519
952388	0.03369121998548508
428113	0.1632150560617447
952445	0.07183104753494263
952452	0.08810244500637054
166043	0.03455401211977005
690508	0.02363099530339241
952658	0.007981940172612667
690565	0.14372500777244568
428424	0.06926325708627701
690606	0.42361751198768616
166403	0.28326526284217834
690705	0.3367004692554474
166468	0.18360835313796997
952926	0.015576421283185482
690801	0.01850075274705887
464663	0.6252192258834839
36025	0.03419702500104904
953020	0.014150870963931084
428773	0.4864378571510315
690956	0.6921793818473816
428819	0.14057275652885437
166680	0.09220994263887405
428847	0.03325669839978218
691004	0.08260038495063782
166748	0.205937922000885
691055	0.6682822704315186
166784	0.25593051314353943
428941	0.03839677572250366
953274	0.45471110939979553
691141	0.04632861912250519
953332	0.216072216629982
953351	0.015493695624172688
683193	0.048301227390766144
857956	0.02263558655977249
953445	0.24338316917419434
167156	0.22850190103054047
167204	0.06827148795127869
691507	0.29072684049606323
167229	0.1340203434228897
691709	0.0519120879471302
167436	0.5274433493614197
429664	0.3437438905239105
429675	0.5716268420219421
167566	0.034823305904865265
167620	0.36039265990257263
290091	0.21157357096672058
464860	0.085652194917202
590433	0.09985242038965225
167994	0.16056302189826965
430142	0.08341045677661896
168000	0.4627656638622284
954455	0.0379185676574707
168069	0.5009691715240479
430229	0.10163530707359314
168175	0.05588170140981674
945535	0.031135082244873047
692494	0.044052060693502426
168238	0.10148900747299194
954711	0.04396329075098038
692577	0.007740558125078678
66707	0.4583839476108551
1096742	0.025422848761081696
989296	0.2570762038230896
955093	0.13337837159633636
692955	0.02096482366323471
955117	0.21921809017658234
168787	0.20210221409797668
955220	0.15134558081626892
693101	0.02868497371673584
814568	0.04370895400643349
430985	0.12286783754825592
430989	0.1682092696428299
693152	0.23853440582752228
693162	0.18595410883426666
693297	0.012304123491048813
693447	0.05880841985344887
693469	0.01313517801463604
431481	0.39923998713493347
693636	0.012691874988377094
693642	0.01602652296423912
169390	0.21943390369415283
955911	0.044839486479759216
508855	0.03792106360197067
302435	0.05174354836344719
956060	0.08057745546102524
694063	0.06354301422834396
169778	0.40702083706855774
858421	0.2531818151473999
596282	0.06263971328735352
956403	0.051100801676511765
432161	0.7234395146369934
28352	0.159504234790802
1033249	0.09493053704500198
956624	0.1353975087404251
694560	0.19445833563804626
694561	0.15184320509433746
694678	0.01464881468564272
432602	0.4355604350566864
837372	0.10756894946098328
432653	0.04212202876806259
432680	0.04100431501865387
694845	0.16764958202838898
956993	0.5094642639160156
1090513	0.19828620553016663
170581	0.15860533714294434
432811	0.6043780446052551
432874	0.37338218092918396
170770	0.38842442631721497
170788	0.08765777945518494
695238	0.06344251334667206
695240	0.017924083396792412
170982	0.22223512828350067
433220	0.07003181427717209
957607	0.6122803092002869
957688	0.1362474113702774
433415	0.29976820945739746
171370	0.1931077241897583
433549	0.2935994565486908
433579	0.1079864427447319
171527	0.05968021973967552
433680	0.01256831455975771
433685	0.033005811274051666
433691	0.02261633612215519
171691	0.24960651993751526
695993	0.14411097764968872
958142	0.17941349744796753
171776	0.17325881123542786
241405	0.03231225535273552
958311	0.6753641963005066
1033534	0.3432966470718384
171906	0.2443314492702484
696217	0.048548538237810135
696242	0.009436070919036865
696312	0.017231687903404236
172062	0.4959598779678345
696404	0.028705906122922897
434369	0.104849673807621
434462	0.1447771042585373
696738	0.017921272665262222
958993	0.06342706084251404
959034	0.06447561085224152
172608	0.1434953510761261
696918	0.155362069606781
959083	0.021456385031342506
434835	0.09738131612539291
727837	0.08905278891324997
172787	0.1062157079577446
959228	0.047476090490818024
172981	0.2832220792770386
173001	0.0588797889649868
435412	0.704995334148407
815320	0.33573293685913086
173391	0.16559971868991852
435541	0.464945912361145
959854	0.23215322196483612
697780	0.3244905173778534
960003	0.05592851713299751
435794	0.08163531869649887
697972	0.16268429160118103
697983	0.055601816624403
960265	0.1871536374092102
960302	0.028738847002387047
436091	0.11687541007995605
436100	0.08509260416030884
960397	0.4144744873046875
960437	0.10548136383295059
436249	0.17665062844753265
960566	0.14698649942874908
698445	0.5240732431411743
174273	0.04645877704024315
436475	0.7405391931533813
174344	0.0256203580647707
698719	0.102206289768219
436586	0.17615118622779846
436602	0.19180302321910858
29089	0.037370823323726654
698828	0.128930926322937
174592	0.028854234144091606
961048	0.05139157548546791
961097	0.192898228764534
436844	0.03700215741991997
436847	0.29141831398010254
72809	0.3157472312450409
946631	0.1765715777873993
436924	0.07445846498012543
961255	0.07438118010759354
699243	0.3540630042552948
1010700	0.38161322474479675
437165	0.13901884853839874
815618	0.05742686241865158
961579	0.5052241086959839
437324	0.13408350944519043
175251	0.04039863124489784
990414	0.0985511913895607
961921	0.03072839416563511
961950	0.32406532764434814
437671	0.1393633782863617
699837	0.1378355324268341
699872	0.008472992107272148
699873	0.07120693475008011
437752	0.16603828966617584
175625	0.03760852292180061
903097	0.03393849357962608
437914	0.19969110190868378
509907	0.1293310672044754
438058	0.3727028965950012
700224	0.09646862745285034
962443	0.16048499941825867
176015	0.18963107466697693
176065	0.08207949995994568
438286	0.06411043554544449
438316	0.03561043739318848
438324	0.08214236795902252
962731	0.04054125025868416
422600	0.13007061183452606
438455	0.01468491181731224
772129	0.11096223443746567
700618	0.05851165950298309
700641	0.21065069735050201
700835	0.10549671202898026
700871	0.04398679733276367
176744	0.018822818994522095
815891	0.016381604596972466
439061	0.09346877038478851
176994	0.19549213349819183
439176	0.01937994360923767
701335	0.3085267245769501
701345	0.06378517299890518
701390	0.14227402210235596
963564	0.2774032950401306
177221	0.03016575798392296
439375	0.1274905949831009
177238	0.02763970196247101
145569	0.02925264649093151
963788	0.04370938241481781
1034446	0.4024716019630432
701663	0.049847327172756195
128113	0.06244538351893425
439731	0.02981707453727722
160671	0.15112391114234924
964054	0.045295242220163345
964152	0.21981744468212128
248086	0.010544572956860065
440098	0.2944292724132538
422893	0.21867643296718597
440269	0.3087213933467865
964577	0.006319006904959679
1034587	0.06499957293272018
440362	0.46510976552963257
1034595	0.665705680847168
160787	0.11212942004203796
178468	0.2839875817298889
702790	0.1658587008714676
702792	0.1704256534576416
702855	0.16601888835430145
178612	0.03448374569416046
178627	0.09160297363996506
440802	0.01727566123008728
1034679	0.19222114980220795
1087076	0.1514832228422165
178825	0.17371773719787598
160885	0.264244019985199
1034703	0.11189982295036316
699510	0.03972720727324486
703211	0.10555453598499298
703270	0.15681730210781097
441128	0.04311482608318329
703383	0.0992867574095726
965578	0.18344436585903168
292021	0.09278371930122375
441409	0.8579176664352417
703765	0.020965414121747017
510513	0.13703475892543793
29921	0.016556382179260254
441734	0.21031203866004944
860078	0.17152416706085205
996301	0.0428769551217556
259128	0.00977942906320095
947466	0.016661016270518303
704072	0.013806955888867378
704080	0.01419889833778143
826518	0.055093757808208466
704223	0.19832079112529755
704236	0.052797313779592514
991210	0.207258939743042
704398	0.020605215802788734
442377	0.10452353209257126
30039	0.2877664268016815
991241	0.08547358214855194
442455	0.27620887756347656
442491	0.05530386418104172
442525	0.1949486881494522
442593	0.21792857348918915
564668	0.48069828748703003
442673	0.06714087724685669
180592	0.07063433527946472
967106	0.04249628260731697
180693	0.03289692476391792
772864	0.5497761964797974
443027	0.20364058017730713
180887	0.22738997638225555
311540	0.3270959258079529
180902	0.1358073353767395
161224	0.32797732949256897
443081	0.7450641989707947
204924	0.15410000085830688
705279	0.17271068692207336
181144	0.1592995822429657
181222	0.04114477336406708
1035098	0.013399194926023483
181301	0.1573900282382965
443489	0.17616413533687592
705681	0.028580328449606895
181394	0.14963944256305695
705687	0.02542942948639393
181476	0.1183294802904129
181531	0.06598281860351562
968071	0.10293085128068924
968206	0.03295387327671051
372674	0.18724118173122406
968310	0.06569388508796692
706167	0.15605124831199646
706215	0.06540592759847641
205086	0.1449963003396988
948797	0.12949328124523163
706342	0.14203320443630219
182081	0.35099196434020996
968560	0.16458125412464142
968608	0.19615942239761353
444350	0.48527413606643677
1035278	0.01624690182507038
182393	0.036430999636650085
969023	0.033730313181877136
969066	0.02748926915228367
444790	0.061287131160497665
706950	0.023287374526262283
760638	0.0274665504693985
860573	0.016393596306443214
729508	0.2043641358613968
969264	0.012632839381694794
445094	0.10147412866353989
183046	0.03643714636564255
538570	0.3634413182735443
85018	0.010814633220434189
183201	0.22254103422164917
707513	0.2302466630935669
969750	0.01848471164703369
445494	0.5902479887008667
707670	0.02408302202820778
445573	0.18229764699935913
707721	0.031056305393576622
904389	0.3847299814224243
969974	0.07141793519258499
707835	0.07826334983110428
117977	0.13329081237316132
970152	0.058537863194942474
183723	0.09094193577766418
729672	0.12426725029945374
445908	0.06223505362868309
970242	0.013739373534917831
183874	0.014299855567514896
183880	0.015043568797409534
1035535	0.4695318937301636
183988	0.03265488147735596
184105	0.028246179223060608
708438	0.21445074677467346
970605	0.016955018043518066
708517	0.005188843701034784
184235	0.0830199271440506
184249	0.1822574883699417
643359	0.32660043239593506
970824	0.05107281357049942
184436	0.05253022909164429
708739	0.2387501299381256
184452	0.04850200191140175
708781	0.02567276358604431
708904	0.02986358106136322
184621	0.05400613695383072
467683	0.05638482794165611
446834	0.07450827956199646
971213	0.1653653085231781
971233	0.02690279111266136
336648	0.7986131906509399
49802	0.45094171166419983
184916	0.022419843822717667
971378	0.03855041414499283
185009	0.08288894593715668
447169	0.046736642718315125
709342	0.006181844975799322
948351	0.04711685702204704
30860	0.05122986063361168
447340	0.060810387134552
971633	0.048918381333351135
249321	0.011269372887909412
971653	0.11496353894472122
709560	0.07309902459383011
185276	0.05012551695108414
971729	0.11546774953603745
185299	0.07702326774597168
447540	0.0722002387046814
447551	0.08425527811050415
709802	0.18861597776412964
992132	0.4600187838077545
972064	0.012519117444753647
709936	0.09430243074893951
447797	0.07895343005657196
30956	0.16527889668941498
185879	0.1276724636554718
448035	0.016815239563584328
448123	0.5320294499397278
710297	0.03749086335301399
448183	0.04328487440943718
186063	0.20562349259853363
186265	0.255032479763031
972699	0.08190938830375671
205809	0.11450820416212082
186390	0.25206220149993896
186446	0.2560606300830841
710755	0.05447300896048546
448630	0.7179623246192932
448745	0.7619432210922241
710914	0.011919474229216576
773858	0.10981904715299606
186727	0.21016566455364227
448975	0.01805070973932743
448976	0.3890184462070465
948653	0.01404513418674469
973362	0.0258892010897398
686541	0.009419852867722511
449235	0.012123498134315014
449244	0.013828982599079609
187186	0.09875567257404327
1079785	0.24017055332660675
481341	0.021730901673436165
992407	0.06617562472820282
973731	0.046161405742168427
711682	0.04504074528813362
711710	0.01502506248652935
711759	0.11231329292058945
973917	0.03117360733449459
711803	0.5485447645187378
711811	0.03354619815945625
711840	0.059901732951402664
879150	0.1533338874578476
449750	0.584522545337677
1079868	0.19467420876026154
974201	0.10834690183401108
974220	0.04541385546326637
187818	0.030360115692019463
118702	0.026246286928653717
450093	0.6600492596626282
1036214	0.2646283507347107
249802	0.013181746937334538
188134	0.48735275864601135
974670	0.10155508667230606
712545	0.01623287796974182
450681	0.02449319325387478
992618	0.3191622793674469
450788	0.07695583999156952
712944	0.07511245459318161
450854	0.1648152470588684
450921	0.24096399545669556
713134	0.03451399877667427
992677	0.25652211904525757
188908	0.03258996084332466
451070	0.032210201025009155
1101110	0.0713782086968422
713360	0.048528533428907394
189115	0.011585807427763939
49943	0.15851536393165588
713448	0.06683270633220673
189174	0.14394599199295044
975688	0.5668169260025024
451406	0.06778700649738312
189312	0.010761115700006485
451484	0.04195193201303482
451609	0.18472301959991455
189466	0.04136364161968231
975997	0.696017324924469
1088718	0.11207397282123566
452200	0.04973641782999039
190078	0.023537082597613335
190212	0.013132779859006405
190307	0.02366173267364502
714636	0.037038739770650864
714672	0.045061103999614716
714678	0.024910522624850273
976829	0.4076383709907532
714709	0.008121869526803493
976941	0.2542855441570282
190601	0.10647638887166977
381321	0.06263364106416702
715189	0.029440762475132942
453220	0.1285012662410736
453270	0.3241610527038574
715508	0.06550676375627518
715588	0.018887130543589592
453451	0.05306171998381615
977770	0.3106316030025482
977952	0.4264652729034424
191536	0.15320166945457458
453705	0.09267502278089523
978057	0.2538384199142456
191632	0.7658763527870178
453851	0.08846770226955414
453856	0.05659716576337814
453869	0.20667394995689392
191792	0.0826764926314354
454018	0.10647992789745331
191971	0.1855081468820572
454258	0.046053431928157806
716641	0.04513140767812729
978802	0.1121588870882988
192502	0.022578822448849678
192579	0.0378711000084877
979054	0.3769836127758026
979133	0.0149293327704072
454872	0.11600654572248459
192894	0.1497678905725479
993353	0.06816548109054565
455273	0.17398607730865479
556489	0.06450601667165756
717563	0.027811896055936813
979713	0.29706037044525146
455456	0.5877497792243958
993419	0.013126748614013195
979787	0.3721826374530792
512825	0.5617322325706482
762455	0.27174654603004456
193422	0.21636612713336945
717751	0.03992937132716179
717763	0.023987235501408577
455659	0.17522792518138885
455743	0.07310833036899567
455776	0.1265459507703781
455782	0.10165215283632278
455793	0.05938727781176567
455853	0.02397678978741169
455862	0.0973123162984848
980168	0.082415871322155
193742	0.04555828869342804
718112	0.012020101770758629
193866	0.4035661220550537
456016	0.06328292191028595
306806	0.011386185884475708
193968	0.3960559070110321
718444	0.04094262048602104
456305	0.20004117488861084
980633	0.09704598784446716
294518	0.47618240118026733
456443	0.04303235188126564
456551	0.046396154910326004
718782	0.004999273456633091
194531	0.16613666713237762
981006	0.040420711040496826
456734	0.07007093727588654
133977	0.07226765900850296
194750	0.09868688881397247
194870	0.058317456394433975
981400	0.006302966736257076
1092422	0.42867231369018555
719411	0.06724464148283005
195199	0.2614421844482422
195440	0.2133173644542694
272047	0.0043860143050551414
719749	0.13016770780086517
457622	0.14458777010440826
573899	0.19287563860416412
382119	0.10474208742380142
457714	0.15382564067840576
195582	0.6212527751922607
457809	0.21275608241558075
195693	0.14202530682086945
457842	0.10639253258705139
862742	0.16162052750587463
720013	0.736055314540863
982348	0.11985451728105545
458064	0.04090702533721924
458110	0.02659454569220543
720261	0.047729965299367905
982481	0.06431648135185242
458235	0.13096928596496582
196111	0.6372146010398865
1091384	0.13049647212028503
196232	0.012135988101363182
196250	0.18705658614635468
775457	0.02535576932132244
196453	0.12985554337501526
1081321	0.13976261019706726
196596	0.11616463214159012
458771	0.14822740852832794
458774	0.05605801194906235
196720	0.3356235921382904
458885	0.052483923733234406
513397	0.612309455871582
993996	0.15549153089523315
1080229	0.3926357626914978
196949	0.30697736144065857
196963	0.0444851815700531
983438	0.16713036596775055
983451	0.18395985662937164
197024	0.13653717935085297
983499	0.02138129435479641
983543	0.0471513569355011
721409	0.016268935054540634
459280	0.0528937503695488
459291	0.3260212540626526
128772	0.05007776990532875
983708	0.20139546692371368
459481	0.06429307162761688
197542	0.27071571350097656
721885	0.03772313520312309
984075	0.778689444065094
1037826	0.04568461701273918
984178	0.20177188515663147
459948	0.07564137876033783
197945	0.07362530380487442
197964	0.05758040398359299
984434	0.2907148599624634
460162	0.01666703261435032
722352	0.3029615879058838
984499	0.043986886739730835
722413	0.010151510126888752
722515	0.04678308963775635
460403	0.5951828956604004
984770	0.19592881202697754
984856	0.24624362587928772
984930	0.05620727315545082
984948	0.0209820456802845
906901	0.1543370932340622
984992	0.46780332922935486
198581	0.4937065839767456
722981	0.05791708827018738
985158	0.0563553161919117
985165	0.4131949543952942
985167	0.05520924925804138
985173	0.02849302999675274
985207	0.037761248648166656
198807	0.38454607129096985
985259	0.15120135247707367
985275	0.03663336858153343
723144	0.06318699568510056
985304	0.04037337005138397
985360	0.265945166349411
461078	0.30400314927101135
985371	0.052813854068517685
985431	0.2399684488773346
985433	0.21776582300662994
985461	0.17625895142555237
1036656	0.029624629765748978
461281	0.601372241973877
199177	0.04801085218787193
985644	0.4456905722618103
985653	0.22343440353870392
985736	0.013767944648861885
985752	0.04347662255167961
461491	0.17804096639156342
298113	0.012529867701232433
461601	0.315292626619339
985905	0.19422775506973267
723781	0.020454300567507744
199572	0.21864530444145203
295406	0.25455722212791443
986068	0.03622925654053688
986162	0.15644435584545135
986197	0.26530784368515015
199776	0.04900111258029938
986210	0.0763494074344635
724121	0.14037328958511353
199837	0.16043399274349213
986325	0.19877420365810394
986411	0.04717285931110382
724275	0.055356189608573914
986427	0.16770826280117035
986472	0.10999003052711487
200042	0.17102357745170593
986484	0.18518474698066711
986494	0.2867102026939392
724410	0.014470221474766731
462301	0.07152886688709259
724571	0.0334026925265789
776122	0.11705239862203598
724579	0.2636494040489197
200296	0.045349907130002975
986733	0.1426224261522293
844658	0.024990035220980644
994582	0.013663485646247864
986791	0.33620402216911316
986793	0.177982896566391
724680	0.047754354774951935
855029	0.6884693503379822
986852	0.015828995034098625
724733	0.006939164362847805
986932	0.15633292496204376
986935	0.019813360646367073
986936	0.43354299664497375
986972	0.02589838020503521
724872	0.24045424163341522
724887	0.09426645934581757
462765	0.24931742250919342
987066	0.0571809783577919
724947	0.13976174592971802
987100	0.009623080492019653
1010524	0.016270475462079048
987183	0.07435387372970581
725047	0.22825761139392853
987192	0.040568575263023376
987230	0.1750425398349762
987237	0.28947025537490845
462979	0.8146880865097046
987309	0.0898330956697464
425688	0.16448234021663666
987486	0.8108506202697754
987502	0.5775682926177979
463230	0.06982596963644028
907334	0.013411088846623898
987567	0.0650646761059761
987573	0.23281623423099518
201154	0.16287195682525635
987671	0.4092067778110504
463443	0.089321568608284
987791	0.4098244309425354
201366	0.6125462055206299
201376	0.413517028093338
987809	0.15239572525024414
987822	0.09345470368862152
987823	0.540535569190979
987845	0.1295759379863739
987914	0.10644824802875519
732631	0.07245679944753647
463635	0.04887859895825386
987978	0.4931061863899231
725867	0.23800867795944214
725951	0.00868193432688713
988119	0.057479530572891235
988121	0.0704767256975174
988122	0.0746685341000557
988124	0.03434158116579056
801059	0.06998401135206223
988142	0.07561909407377243
988149	0.05279301479458809
988169	0.017289357259869576
988211	0.13801619410514832
726076	0.009579655714333057
726098	0.07561419904232025
988269	0.20307445526123047
1038527	0.4640043377876282
988294	0.03984535112977028
988306	0.2542537450790405
988416	0.20131152868270874
202006	0.15972980856895447
988504	0.15021786093711853
202073	0.023083999752998352
988512	0.05379109084606171
202081	0.2820138931274414
988540	0.07979869097471237
988636	0.049405165016651154
988653	0.10344903916120529
988710	0.2970469295978546
464440	0.3531529903411865
156723	0.13486351072788239
988742	0.028651215136051178
988743	0.0584416501224041
988745	0.1457020789384842
726614	0.09537922590970993
464484	0.06237490102648735
988787	0.36985254287719727
820161	0.4140065014362335
988911	0.025348592549562454
988915	0.36264780163764954
988954	0.11035867035388947
988960	0.018959470093250275
988988	0.14632607996463776
989042	0.04322283715009689
989099	0.048206791281700134
989108	0.773963212966919
989213	0.3782389760017395
202797	0.022453250363469124
1097885	0.027075059711933136
727224	0.10630946606397629
202954	0.20400342345237732
989396	0.2316945344209671
995029	0.5696684122085571
776576	0.17875969409942627
203039	0.026454927399754524
1005500	0.00989322829991579
252295	0.007357188034802675
989530	0.6285191178321838
989543	0.6083822846412659
989573	0.10581647604703903
776609	0.14242501556873322
989647	0.28914928436279297
989676	0.5332981944084167
727551	0.07580380886793137
203274	0.49451136589050293
203317	0.7691827416419983
203390	0.3320225179195404
989831	0.17769446969032288
727699	0.011397075839340687
727707	0.0057383752427995205
989855	0.1798350065946579
989866	0.15362204611301422
989870	0.12381337583065033
203458	0.09138618409633636
989894	0.23278559744358063
727765	0.049517396837472916
989912	0.1626720279455185
727779	0.04101989045739174
989963	0.5985304117202759
989994	0.02807062678039074
990010	0.14262808859348297
990026	0.15308529138565063
203646	0.03842070698738098
990093	0.22378496825695038
203688	0.026285691186785698
990176	0.14381355047225952
990197	0.06964991986751556
728060	0.6743103265762329
990223	0.24443528056144714
728110	0.15784670412540436
728150	0.010332038626074791
990307	0.7168207168579102
990345	0.24668623507022858
1038871	0.08253765851259232
990375	0.0934540405869484
1038879	0.049804434180259705
466162	0.5889132618904114
990459	0.1423943042755127
990481	0.059334561228752136
466202	0.08365755528211594
990526	0.07245013117790222
466252	0.0338178426027298
1045554	0.011718378402292728
728460	0.06203531473875046
466335	0.061869751662015915
990649	0.613851010799408
990763	0.7177479267120361
990784	0.8398091793060303
990841	0.4334774911403656
990852	0.22370170056819916
1097939	0.04874691739678383
466640	0.019529646262526512
728823	0.21912026405334473
728836	0.3189086318016052
990995	0.19898739457130432
466738	0.12168142199516296
991032	0.15482980012893677
991044	0.01941477134823799
466774	0.2832929193973541
991064	0.12282535433769226
991079	0.2512604296207428
991111	0.09462837129831314
991138	0.32185542583465576
991171	0.06056889519095421
1082701	0.2724866569042206
991207	0.1951945275068283
991240	0.15105804800987244
729173	0.15600274503231049
991324	0.07464587688446045
991342	0.13784180581569672
991364	0.4489574432373047
685717	0.22065168619155884
991383	0.2539413273334503
991419	0.30176812410354614
991471	0.26910310983657837
205107	0.06954404711723328
467274	0.04180096462368965
991590	0.1596784144639969
991598	0.28519538044929504
991662	0.19796928763389587
205251	0.4485933184623718
991685	0.48110249638557434
991748	0.041643962264060974
991761	0.06383871287107468
991762	0.17382046580314636
991782	0.567573070526123
991832	0.04311028867959976
729697	0.044116150587797165
991854	0.04393582046031952
467597	0.05489931255578995
991894	0.6702333688735962
467612	0.16568244993686676
991938	0.06381598114967346
514851	0.03025764413177967
165335	0.30886465311050415
992120	0.06111184507608414
792463	0.034082990139722824
205741	0.509155809879303
992184	0.3480455279350281
992191	0.27353861927986145
992193	0.2899426817893982
992224	0.05165846273303032
50498	0.08286716789007187
992257	0.051485825330019
992340	0.025792164728045464
992363	0.022615810856223106
992365	0.2675725817680359
992367	0.15493109822273254
730229	0.08015136420726776
992383	0.21155770123004913
730278	0.05169329047203064
992433	0.7057157754898071
992531	0.03944198042154312
992535	0.016612766310572624
206117	0.5576614141464233
992559	0.07590077817440033
992605	0.20616155862808228
992652	0.2449106127023697
992659	0.6170411705970764
992660	0.12477090954780579
992729	0.018224719911813736
78076	0.12318770587444305
992757	0.10634734481573105
730626	0.2475595325231552
992802	0.3883417844772339
992839	0.17451396584510803
992840	0.06789283454418182
992869	0.33655205368995667
165480	0.14651165902614594
992946	0.046068381518125534
992949	0.22653865814208984
992950	0.2821444272994995
206549	0.1587495654821396
993041	0.07027015089988708
468762	0.05883125215768814
993107	0.02274462580680847
993153	0.04166461527347565
993174	0.691229522228241
993178	0.11418341845273972
468907	0.2508392632007599
993234	0.009558925405144691
820899	0.055773183703422546
206806	0.012398180551826954
206819	0.23853223025798798
993255	0.19145198166370392
993320	0.22434289753437042
993492	0.012148983776569366
993501	0.5379829406738281
427730	0.054632142186164856
993544	0.2027856707572937
993606	0.2667284607887268
993627	0.020496666431427002
993651	0.028874097391963005
1010173	0.5294367074966431
207251	0.03376338630914688
731545	0.013245119713246822
993748	0.01956832967698574
993795	0.02710004337131977
993821	0.04977186769247055
469535	0.34641703963279724
993834	0.12971842288970947
731723	0.04476408660411835
993876	0.14992786943912506
731736	0.03983260318636894
993883	0.026832323521375656
993987	0.04104045405983925
994005	0.09964815527200699
994012	0.14410610496997833
207595	0.0326363742351532
731886	0.15963982045650482
731902	0.09242130070924759
994070	0.061820924282073975
994085	0.2377210110425949
994087	0.40361320972442627
469819	0.1109820231795311
994112	0.04430874437093735
994133	0.32304710149765015
994228	0.06620977818965912
470001	0.08631175756454468
994311	0.04852909594774246
994338	0.012701899744570255
994397	0.1026984453201294
732288	0.22658035159111023
994449	0.08153962343931198
994478	0.02822357788681984
994479	0.07421860843896866
994533	0.041536442935466766
574317	0.11345504224300385
208145	0.226575568318367
732448	0.05473947525024414
208198	0.07617443054914474
470385	0.18334822356700897
994688	0.1689075231552124
208265	0.03213462978601456
1083293	0.1979081630706787
470459	0.11991079151630402
515317	0.047236762940883636
732618	0.007150201592594385
208339	0.0580206960439682
994792	0.07853908091783524
994830	0.075844906270504
208411	0.019631437957286835
818421	0.20614007115364075
470611	0.1734633892774582
994918	0.08071069419384003
208494	0.3503589630126953
994947	0.2581677734851837
932223	0.5225018858909607
208610	0.03437330201268196
995125	0.01008455827832222
864905	0.3920443654060364
995141	0.04002799466252327
995176	0.016412528231739998
995212	0.05104361101984978
995221	0.3422185182571411
1045709	0.04556502401828766
208822	0.023123938590288162
470982	0.346819132566452
995280	0.14309614896774292
471007	0.03549254313111305
733186	0.07688295841217041
995380	0.25638407468795776
995443	0.024187659844756126
995526	0.08140839636325836
733422	0.0632607638835907
995576	0.14859718084335327
995595	0.11325691640377045
995598	0.12068527936935425
879869	0.013804541900753975
733510	0.026638638228178024
297019	0.03226209804415703
733591	0.011739903129637241
995756	0.027168160304427147
995789	0.20533302426338196
995805	0.11213488131761551
995806	0.2812512516975403
995825	0.05425511300563812
733692	0.011272628791630268
471705	0.1849229633808136
996011	0.07109862565994263
733892	0.029780471697449684
996042	0.2727624475955963
996054	0.02684827521443367
209651	0.03283461183309555
996119	0.015438325703144073
775138	0.17892223596572876
996181	0.04104713723063469
209764	0.04462525621056557
209730	0.025753062218427658
996272	0.14763547480106354
472024	0.513855516910553
996328	0.2486836314201355
734198	0.009884637780487537
996414	0.320421427488327
1092450	0.057763878256082535
734426	0.08509118854999542
559318	0.13323231041431427
996634	0.10473835468292236
472359	0.17978429794311523
472448	0.761094868183136
1083642	0.446158230304718
996835	0.37949657440185547
210442	0.011187938041985035
296441	0.019084155559539795
996922	0.03424738347530365
997044	0.1431133896112442
997086	0.08195225149393082
1083686	0.008580900728702545
997122	0.6116760969161987
1083704	0.1624508649110794
997227	0.038903191685676575
997351	0.35366690158843994
914845	0.03807365149259567
997449	0.11243116855621338
997481	0.03950340300798416
735343	0.007055692840367556
735384	0.7048174142837524
735387	0.025884967297315598
997533	0.16800768673419952
997542	0.3146456480026245
473319	0.16712455451488495
251445	0.06120695546269417
997648	0.07290138304233551
997649	0.07545443624258041
473394	0.048583097755908966
997713	0.23606660962104797
997744	0.7726345658302307
473492	0.13329583406448364
909048	0.07353736460208893
997860	0.0870903804898262
997872	0.06544449925422668
997878	0.7353081107139587
211468	0.031279463320970535
997913	0.08892980962991714
997935	0.2133256494998932
1083839	0.11734379827976227
998013	0.01914525218307972
735895	0.05525568127632141
998062	0.03392590209841728
998101	0.031549688428640366
211691	0.05568737909197807
473886	0.02088826335966587
998192	0.5834277272224426
473935	0.42010653018951416
998246	0.10697821527719498
998247	0.07911919802427292
998248	0.01461722794920206
736125	0.10570640861988068
998309	0.2282281517982483
998381	0.2978408932685852
998417	0.03974868357181549
998482	0.012383569963276386
998493	0.17651817202568054
474234	0.11109107732772827
1083926	0.06136678531765938
1040238	0.5463640689849854
998569	0.834363579750061
998591	0.10915268957614899
998609	0.28497976064682007
212195	0.3026311695575714
998646	0.3628288209438324
998658	0.2025011032819748
212236	0.22439326345920563
998675	0.061675768345594406
998680	0.3258630335330963
998681	0.0921434685587883
1083952	0.20865266025066376
474419	0.23117804527282715
998735	0.041197460144758224
998834	0.27997079491615295
736713	0.09273155778646469
212435	0.028849514201283455
998891	0.6893594264984131
998903	0.11308654397726059
212477	0.13600501418113708
998941	0.20866835117340088
474659	0.4799979329109192
996623	0.03869275748729706
999028	0.02928968146443367
999086	0.11624480038881302
999089	0.1365186721086502
999110	0.03513554111123085
696677	0.12436464428901672
474873	0.09776056557893753
996653	0.24952924251556396
909273	0.05675981938838959
999192	0.1313154399394989
212796	0.23912645876407623
999261	0.5485043525695801
559771	0.3223322927951813
999356	0.15474145114421844
999385	0.06694526225328445
999391	0.7381686568260193
865616	0.6208391785621643
999416	0.6462021470069885
999439	0.06455492228269577
999517	0.013837453909218311
999518	0.489518940448761
999550	0.038892343640327454
999552	0.029177198186516762
999555	0.07705157995223999
999567	0.7065367698669434
999610	0.012775926850736141
999637	0.16758385300636292
737512	0.08924122899770737
865660	0.014690142124891281
999685	0.016643503680825233
475402	0.1788136214017868
999756	0.0626491904258728
999791	0.1472821980714798
999836	0.09279593080282211
999897	0.12446620315313339
999921	0.025623241439461708
999942	0.08181681483983994
1000000	0.011072066612541676
1000004	0.09600172936916351
1000006	0.02163858897984028
1000017	0.13482150435447693
1000030	0.09247264266014099
1000083	0.16502059996128082
737940	0.09095373004674911
996805	0.17722256481647491
1000097	0.726500391960144
1000170	0.02600438892841339
996825	0.0906902328133583
1000232	0.1972416341304779
1000272	0.1867111772298813
738162	0.006289049983024597
738165	0.2070469707250595
1000459	0.230690598487854
214040	0.052582524716854095
1000509	0.6929064393043518
1000585	0.12889331579208374
909506	0.06361120194196701
1000619	0.037238750606775284
738484	0.13382016122341156
1000678	0.1314702183008194
1000681	0.029001543298363686
476483	0.03328919783234596
1000798	0.3777994215488434
1000864	0.2703326940536499
1000906	0.020671574398875237
1000951	0.19590547680854797
560059	0.19693659245967865
738931	0.5134873390197754
476807	0.22970829904079437
1001108	0.03838316723704338
574051	0.06119470298290253
822218	0.14848893880844116
476947	0.2552702724933624
476977	0.06641292572021484
1001279	0.011930098757147789
1040703	0.1883242279291153
997017	0.6258572936058044
1001381	0.04295509308576584
477100	0.05338523909449577
1001397	0.04895918816328049
1001454	0.08111236989498138
477286	0.4619671404361725
477309	0.38524237275123596
477380	0.04903402179479599
739599	0.02719501219689846
1001810	0.08748044073581696
739671	0.09762352705001831
739743	0.04668967425823212
1001903	0.04829797521233559
1001926	0.008841874077916145
477639	0.056048497557640076
1001981	0.23094245791435242
210690	0.044677261263132095
1001999	0.06239032745361328
215603	0.15665298700332642
1002058	0.31130969524383545
487279	0.10072851926088333
1002145	0.044593777507543564
1002148	0.28178608417510986
1002197	0.008518286980688572
1002238	0.07823552936315536
1002252	0.051785506308078766
1002274	0.2240424007177353
50833	0.12972517311573029
1002330	0.026854000985622406
478054	0.10814660787582397
478063	0.08019252866506577
740263	0.20330893993377686
35996	0.04820051044225693
1002426	0.11548952013254166
1002482	0.032651133835315704
1002554	0.06181870400905609
740416	0.13163673877716064
1002584	0.04226740822196007
1002585	0.14327670633792877
1002596	0.47251054644584656
478359	0.3029014468193054
1002716	0.3637595474720001
1002737	0.4597040116786957
740624	0.2308463454246521
1002887	0.22513358294963837
1002889	0.632010817527771
740762	0.23674002289772034
1002938	0.38165420293807983
1002940	0.054841816425323486
478691	0.127060666680336
740852	0.28489917516708374
1002997	0.5573855042457581
1003003	0.05173909291625023
1003006	0.03844626992940903
1003015	0.15384501218795776
675320	0.13008522987365723
478827	0.011679147370159626
1003210	0.013469681143760681
1003213	0.047980256378650665
560419	0.05205490440130234
1003239	0.41533759236335754
478981	0.31508588790893555
1003277	0.08868590742349625
1003299	0.10473768413066864
1003329	0.2059563249349594
1003334	0.13997498154640198
1003351	0.3636994957923889
1003359	0.06289450824260712
1041043	0.04872922971844673
741274	0.11595012992620468
1003445	0.20958812534809113
1003481	0.06193048506975174
1003482	0.03578382357954979
1003507	0.006618596613407135
741392	0.16636411845684052
1003557	0.020995186641812325
1003561	0.19270652532577515
479284	0.05749785155057907
1003590	0.1279214769601822
1003603	0.055835045874118805
479379	0.046204473823308945
217246	0.01095387153327465
469873	0.05254079028964043
822642	0.008520237170159817
36214	0.10133172571659088
479525	0.021742239594459534
1003831	0.16118618845939636
1003849	0.04991865158081055
479570	0.012008300982415676
1003875	0.1626814603805542
1003880	0.2895466685295105
1003884	0.19319264590740204
1003973	0.02110845223069191
1003997	0.2924824655056
741970	0.08711215108633041
741977	0.00665569631382823
731759	0.005885463207960129
742022	0.1362243890762329
1004191	0.3062478303909302
1004199	0.13140279054641724
1004228	0.06227324157953262
1004233	0.38375234603881836
1004240	0.11311119049787521
1004243	0.12087719142436981
1004254	0.06842774152755737
862701	0.013616428710520267
1004322	0.02147052064538002
480064	0.11029132455587387
565915	0.01081041432917118
1084905	0.19329619407653809
218000	0.006873422302305698
1004493	0.04536765441298485
827791	0.036905448883771896
742446	0.0215110182762146
480504	0.02609495259821415
742667	0.12833856046199799
480536	0.1441420167684555
298550	0.026487169787287712
1004921	0.15893375873565674
1004940	0.3120264708995819
1004949	0.3009920120239258
298565	0.015024193562567234
742822	0.050734374672174454
1005113	0.017316600307822227
1005131	0.07282037287950516
742988	0.04064122959971428
473361	0.06990430504083633
1005163	0.1375732123851776
1085035	0.043219324201345444
743046	0.11429453641176224
1005191	0.047111812978982925
480932	0.049175016582012177
36473	0.05158281698822975
1046047	0.1342647671699524
1005475	0.09534615278244019
1005476	0.059422966092824936
1005520	0.044984929263591766
1080968	0.04476036876440048
517117	0.06614993512630463
481297	0.01983405463397503
1005586	0.022510690614581108
1005653	0.2723422646522522
481387	0.025529665872454643
1005678	0.03885314241051674
1005798	0.18088223040103912
743668	0.03679021820425987
743675	0.23638398945331573
743693	0.5731154084205627
743696	0.036515794694423676
1005949	0.010993530042469501
1006000	0.020773082971572876
743868	0.05918233096599579
997808	0.29544597864151
1006199	0.1800002157688141
744092	0.01310843974351883
481961	0.0879037082195282
744109	0.09585417807102203
954144	0.01028417982161045
744261	0.29663175344467163
1006459	0.006905149668455124
1006489	0.04952935501933098
1006509	0.13407254219055176
220087	0.021912144497036934
1006578	0.028364764526486397
1006580	0.10690070688724518
36703	0.06586417555809021
1006751	0.051198914647102356
482496	0.16268768906593323
1006791	0.307113379240036
1006852	0.040478456765413284
744764	0.04723772779107094
1006911	0.03387055918574333
1006987	0.017357103526592255
744891	0.00825985986739397
482808	0.16260340809822083
517386	0.21626830101013184
220761	0.019564436748623848
1007242	0.029078010469675064
688218	0.5400711297988892
483028	0.06846252828836441
1007382	0.48747771978378296
129565	0.02471507526934147
483178	0.020991843193769455
483241	0.17101046442985535
745402	0.17368175089359283
1007550	0.012077082879841328
211621	0.038842860609292984
1007606	0.42833128571510315
745469	0.06589251011610031
1007628	0.03028307668864727
1007673	0.026570430025458336
1007691	0.3361959159374237
1007696	0.6634176969528198
745559	0.024945221841335297
998093	0.06322947889566422
1007875	0.41968289017677307
745746	0.03413890302181244
1007934	0.1878141313791275
745794	0.2660873532295227
1007959	0.2878577709197998
1007972	0.22379112243652344
745830	0.0225406251847744
483795	0.042039673775434494
745944	0.022790445014834404
221664	0.030048370361328125
746055	0.22718393802642822
1008208	0.2667514383792877
746065	0.005164846777915955
998174	0.07411646842956543
1063607	0.4140729606151581
1008515	0.17835518717765808
1008516	0.08965449780225754
80712	0.10261187702417374
746438	0.009556294418871403
222158	0.008338849060237408
118448	0.06733768433332443
1041951	0.0042777289636433125
1008830	0.0781601294875145
484551	0.5667665004730225
1008911	0.08288784325122833
1008947	0.022238509729504585
1008951	0.017593177035450935
1008968	0.15616974234580994
1008977	0.03184036910533905
1008979	0.013671371154487133
1009023	0.25969353318214417
1009109	0.13879147171974182
823549	0.02980809286236763
1085697	0.04184160754084587
1009183	0.06606089323759079
1009237	0.03436940908432007
222954	0.05852039158344269
1009388	0.013558335602283478
561448	0.14686933159828186
747345	0.09891672432422638
1009527	0.008472908288240433
485287	0.5339162349700928
223165	0.04136490449309349
1009610	0.05464211851358414
1009668	0.09941595792770386
1009695	0.20084843039512634
1009724	0.13914166390895844
1009742	0.011447644792497158
1009749	0.04019128903746605
485558	0.048146605491638184
747720	0.1472347229719162
223468	0.14720602333545685
1009959	0.05468064174056053
1009961	0.32617542147636414
1009994	0.3415725529193878
51090	0.25339362025260925
1010048	0.023944590240716934
1010057	0.039192862808704376
1010059	0.1960582286119461
1042158	0.7409958243370056
747937	0.09522201120853424
747985	0.1603868007659912
1010151	0.10129833966493607
998485	0.12063726782798767
748054	0.20446161925792694
736347	0.672584593296051
1010277	0.2788184881210327
1010287	0.27206704020500183
1085888	0.061014432460069656
748321	0.030892573297023773
1010527	0.04656284302473068
1010537	0.06903693079948425
486274	0.1493617296218872
1010607	0.25746774673461914
1010615	0.011953436769545078
486370	0.1641489565372467
1010670	0.491328626871109
996317	0.09812963753938675
307008	0.01980377919971943
605363	0.464142769575119
224314	0.26190677285194397
486512	0.09370896220207214
748672	0.19041569530963898
486623	0.05575215816497803
748771	0.1621055155992508
224548	0.10259552299976349
1011003	0.2746816873550415
1011018	0.4651516377925873
1011021	0.021046988666057587
1011044	0.004537143278867006
224626	0.030653243884444237
748935	0.04326120391488075
998641	0.19230006635189056
1011120	0.08569669723510742
1011140	0.238901287317276
748997	0.05001925677061081
1011166	0.26790720224380493
1011328	0.03272085636854172
212251	0.2708112895488739
1011381	0.356021910905838
1011382	0.033688049763441086
749244	0.11011817306280136
749267	0.013851964846253395
1011512	0.06846220046281815
1011529	0.11171679943799973
749399	0.18296054005622864
1011618	0.012906402349472046
1011663	0.08478378504514694
212303	0.009319718927145004
1011721	0.07493817061185837
487569	0.11981520801782608
1011860	0.19646525382995605
749752	0.1201697513461113
94798	0.2307974398136139
225499	0.03587732091546059
1012026	0.04645372927188873
998802	0.015210747718811035
749955	0.03728853166103363
225752	0.04169030487537384
837740	0.3220631182193756
750111	0.1311774104833603
824080	0.04361265152692795
1012329	0.1092132180929184
1012464	0.19631317257881165
488198	0.029941055923700333
839488	0.6096216440200806
37685	0.09127777814865112
1012547	0.052538830786943436
226132	0.11299299448728561
750421	0.012497364543378353
750487	0.005377741064876318
998905	0.020140549167990685
488416	0.05479959398508072
226335	0.02830047905445099
1012780	0.039110273122787476
1012865	0.20153018832206726
1012866	0.08455276489257812
226461	0.03893572464585304
488676	0.2398182898759842
750821	0.4632585048675537
488711	0.017839327454566956
998965	0.017694205045700073
750946	0.18914146721363068
488825	0.4494690001010895
1013114	0.033072564750909805
1013229	0.17692254483699799
1013267	0.13344478607177734
1013304	0.04648815467953682
1086391	0.12490809708833694
1013367	0.00866690557450056
1013424	0.06997492909431458
1013492	0.06902395933866501
824282	0.06244085356593132
1013579	0.036890849471092224
1013592	0.24105006456375122
1013615	0.3133620321750641
212634	0.011855365708470345
489374	0.28840285539627075
227317	0.05221201106905937
1013797	0.026057593524456024
489513	0.17249058187007904
1086477	0.05412154272198677
751778	0.04024900123476982
751797	0.023940637707710266
1013965	0.01583954133093357
227591	0.03576694428920746
824371	0.04441351816058159
1014115	0.06889503449201584
1014132	0.021338988095521927
37952	0.03451750800013542
1014210	0.03003287874162197
489931	0.2222907692193985
1014242	0.05573716387152672
649640	0.011054979637265205
1014264	0.3258045017719269
36965	0.5359777212142944
227968	0.032936982810497284
167371	0.0966436117887497
490505	0.709712564945221
752700	0.3715536892414093
1014884	0.1873771697282791
228474	0.07453789561986923
1014911	0.06831395626068115
300246	0.011459490284323692
1015055	0.16071449220180511
780850	0.011842429637908936
490802	0.16427333652973175
228738	0.10480161756277084
490883	0.08650019764900208
753040	0.019490240141749382
490903	0.6978934407234192
753071	0.43574559688568115
1015307	0.04169338196516037
753168	0.12850013375282288
1015347	0.06117174029350281
753214	0.20131953060626984
753299	0.04766920953989029
1015556	0.03081493079662323
753480	0.09227742999792099
1094395	0.11880216002464294
1015641	0.13276705145835876
261650	0.006947916466742754
753517	0.060027528554201126
212977	0.0719919502735138
229325	0.06114227697253227
1015766	0.05518482252955437
169305	0.14339978992938995
491585	0.030478429049253464
81945	0.5400048494338989
1016013	0.05192190036177635
1016015	0.06712762266397476
999469	0.04216645658016205
999481	0.016430959105491638
1016154	0.15056437253952026
1016254	0.03639628365635872
754113	0.14326071739196777
562594	0.0521368607878685
754166	0.019173773005604744
754191	0.024164900183677673
1016406	0.04483672231435776
1092441	0.07762254029512405
1016460	0.1303938776254654
1016547	0.01243035588413477
1016565	0.08129564672708511
1086933	0.01805739663541317
1016583	0.22387899458408356
230179	0.08792317658662796
754509	0.009684785269200802
1016676	0.19705083966255188
1016703	0.5074127316474915
431602	0.3717053532600403
1016790	0.017570558935403824
1016879	0.1331198811531067
1016915	0.1595439612865448
754786	0.11940004676580429
1087589	0.3160984516143799
1016943	0.009071607142686844
10264	0.4725680351257324
1098806	0.05651833117008209
492681	0.6472576260566711
1087001	0.18433219194412231
999641	0.06787899881601334
492853	0.09837961941957474
1043337	0.01035554613918066
230725	0.8345232605934143
755040	0.1394406110048294
1017204	0.2262389212846756
755093	0.24395567178726196
1017276	0.06769255548715591
230891	0.09416293352842331
1017348	0.49995148181915283
1090915	0.02201022021472454
999691	0.0814780667424202
755275	0.14619575440883636
824938	0.1575654149055481
1017476	0.042170315980911255
1017498	0.03664381057024002
1017524	0.008712595328688622
1017529	0.019259465858340263
1017537	0.02592753991484642
231109	0.4275389313697815
755459	0.007011287845671177
1017605	0.6477051377296448
755465	0.02556135319173336
1017692	0.20717278122901917
1017706	0.20884309709072113
231292	0.8474095463752747
231298	0.8357534408569336
1017734	0.3011305332183838
1017773	0.0675344467163086
1017775	0.08649197965860367
1045527	0.08174018561840057
493508	0.5471658110618591
1017830	0.04066143557429314
493543	0.01944645494222641
1017892	0.07826253771781921
231482	0.22676806151866913
1017952	0.10263890773057938
1017971	0.0510181188583374
1018032	0.17376373708248138
1018056	0.11456954479217529
38608	0.03934337571263313
231717	0.19106923043727875
193581	0.08434777706861496
985372	0.16816076636314392
231877	0.10935118049383163
494086	0.09381476789712906
1043545	0.27932214736938477
1018525	0.05615822225809097
494346	0.26268553733825684
1018658	0.013575711287558079
825147	0.01866288110613823
1018807	0.035521551966667175
863187	0.12203744798898697
1018918	0.1846463978290558
494730	0.13399165868759155
1013570	0.41285938024520874
756949	0.12429087609052658
232703	0.5377199053764343
1019179	0.09710870683193207
1019200	0.09289683401584625
495018	0.07020052522420883
1019356	0.14020469784736633
495082	0.04666874557733536
1019405	0.05154306814074516
1019414	0.3307194113731384
868953	0.006960314232856035
757275	0.006002750247716904
1019433	0.24452516436576843
1019470	0.5738546252250671
1019602	0.014658302068710327
757511	0.19324003159999847
836044	0.15849104523658752
1019705	0.28665027022361755
1019724	0.16647617518901825
6791	0.17962808907032013
495483	0.01278489176183939
1019787	0.0172443687915802
1019830	0.029432807117700577
495680	0.38136520981788635
1087532	0.10635613650083542
1020198	0.30950358510017395
758074	0.11976080387830734
1020244	0.08303895592689514
233904	0.006394610740244389
1020376	0.08563431352376938
496175	0.18903397023677826
496244	0.1540222316980362
234114	0.191780224442482
496276	0.18170005083084106
234165	0.07683077454566956
758519	0.05778903514146805
1020710	0.01477106474339962
1020724	0.055860888212919235
563347	0.0235725287348032
234388	0.15138113498687744
563359	0.04150918871164322
758720	0.05961053445935249
1020907	0.007538138888776302
1020915	0.022209083661437035
912899	0.0403747633099556
968004	0.14965900778770447
496717	0.1372549831867218
758901	0.013069584034383297
758909	0.014444553293287754
1021065	0.024113193154335022
234644	0.6083570122718811
234651	0.039865512400865555
1040312	0.09526310116052628
344955	0.03803791105747223
759021	0.155869722366333
1021170	0.10304112732410431
1000319	0.2577797472476959
759062	0.058978497982025146
1021241	0.15897509455680847
234821	0.007165322080254555
1021277	0.02889675833284855
1021318	0.03880688175559044
1021324	0.010969137772917747
1021327	0.3703610301017761
825583	0.042319200932979584
1087735	0.39277535676956177
497107	0.09414997696876526
497132	0.2372179925441742
1021446	0.02909834496676922
235027	0.34364986419677734
235089	0.0565008744597435
1021532	0.06827819347381592
1021554	0.03285273164510727
1021605	0.32634472846984863
1021639	0.0700775533914566
759503	0.594815731048584
759515	0.28665104508399963
1021679	0.014362484216690063
1021682	0.09909328073263168
1021695	0.120124951004982
497470	0.09929448366165161
1021797	0.03221576288342476
497536	0.2876739203929901
497596	0.08913697302341461
1021900	0.007460943888872862
1021907	0.1596406251192093
1021931	0.17890921235084534
235534	0.09462954849004745
1021971	0.017626700922846794
1022022	0.2513474225997925
497757	0.13355694711208344
1000472	0.00856053177267313
1022124	0.021261174231767654
1022132	0.07406661659479141
924398	0.09978703409433365
1022178	0.11048167198896408
760070	0.08603490889072418
235832	0.12719018757343292
257772	0.007848737761378288
1022359	0.018852632492780685
1022370	0.020546622574329376
1000519	0.2844422459602356
1022410	0.43250271677970886
1022442	0.00800363440066576
1087915	0.05710510164499283
1022577	0.042510129511356354
39360	0.05179266631603241
1044249	0.029229048639535904
1022620	0.03470843285322189
1022621	0.10376518219709396
694726	0.007758949883282185
1022630	0.024300459772348404
760512	0.005016694311052561
738422	0.07826606929302216
498398	0.035422615706920624
1000574	0.4216415584087372
1022712	0.028411630541086197
1022735	0.04434434697031975
498478	0.08524390310049057
1022769	0.06731504201889038
1022782	0.014515449292957783
1022832	0.011414960026741028
236427	0.016924485564231873
1022907	0.09711646288633347
1022911	0.036366794258356094
760817	0.22844339907169342
388950	0.09296096861362457
236580	0.0696575790643692
236582	0.05012616515159607
1023025	0.3737361431121826
760908	0.23148885369300842
236708	0.006563612259924412
761032	0.6172767877578735
236801	0.04473958536982536
1088043	0.23064298927783966
761096	0.07908578217029572
738525	0.031530577689409256
499068	0.08704207092523575
400696	0.049579594284296036
1023363	0.5841168761253357
236949	0.044029057025909424
499126	0.16202004253864288
761388	0.036603789776563644
499413	0.19820985198020935
761627	0.032574158161878586
1023782	0.07223688066005707
237370	0.036875542253255844
237373	0.12951509654521942
1023838	0.03552493080496788
1023850	0.018860220909118652
499568	0.11170195043087006
1088153	0.45045891404151917
237561	0.04236587509512901
1024034	0.025744127109646797
1024069	0.030560055747628212
499818	0.18733921647071838
761963	0.04149462282657623
1024166	0.5477122068405151
1024176	0.11377513408660889
499904	0.055262722074985504
762059	0.007339626085013151
1024221	0.015432121232151985
1055921	0.04518590494990349
762111	0.009130661375820637
1024288	0.01603238843381405
1024300	0.6188281774520874
1024305	0.24702751636505127
313438	0.4730934798717499
237936	0.010961178690195084
762296	0.2010011225938797
870422	0.05291421338915825
1024528	0.05439962074160576
1024591	0.028235210105776787
1024592	0.1832961142063141
1024667	0.07118454575538635
1024669	0.05409007519483566
1024672	0.04350665584206581
762558	0.014969765208661556
1024727	0.031990449875593185
826153	0.15398047864437103
762652	0.09722325205802917
1024835	0.5237092971801758
1024893	0.034680843353271484
1024904	0.023867515847086906
762761	0.11251619458198547
1024950	0.05809379369020462
1000959	0.02600191719830036
1088347	0.06768336147069931
618979	0.34727033972740173
1099077	0.04353586956858635
1025188	0.03312893584370613
763084	0.03830762952566147
1025259	0.3999162018299103
1025270	0.1165834441781044
1025290	0.31126677989959717
238886	0.059228572994470596
476724	0.218046635389328
1025348	0.2851901948451996
1090358	0.16853082180023193
1025483	0.06718827039003372
239189	0.029090499505400658
1025624	0.1098325178027153
1090558	0.015374152921140194
1044755	0.021885013207793236
1025714	0.6061460971832275
763619	0.25582417845726013
1025801	0.22450947761535645
1011811	0.04924062639474869
39908	0.06605862081050873
1025895	0.10022120922803879
1099105	0.02992594800889492
239511	0.029339922592043877
239516	0.013612939976155758
1025991	0.11116623878479004
239648	0.09093625098466873
1026098	0.06732892990112305
1026148	0.11243070662021637
239830	0.12414190173149109
764139	0.03216210752725601
1026372	0.19156602025032043
165116	0.17897537350654602
258485	0.013674098066985607
1026711	0.2475631833076477
1026768	0.042517662048339844
1026775	0.20706304907798767
1003114	0.2723512053489685
1026799	0.08406417816877365
764691	0.5029540657997131
1026991	0.11345484852790833
240584	0.012304296717047691
1083997	0.1548553854227066
1027178	0.13638867437839508
1027209	0.1851634830236435
765147	0.05667287856340408
1027373	0.029635682702064514
741267	0.04752686619758606
1027650	0.20084328949451447
765512	0.3629542887210846
1027669	0.04163085296750069
503390	0.06214309483766556
503401	0.07481518387794495
8701	0.25147780776023865
765583	0.2157127857208252
608197	0.6575295925140381
1027785	0.021163038909435272
1027812	0.01903538592159748
1027817	0.037887804210186005
1027865	0.09368515014648438
503580	0.5482082962989807
503607	0.39359453320503235
1027919	0.19916819036006927
503674	0.4571502208709717
1028098	0.03674896061420441
503833	0.08782152831554413
1028131	0.026271523907780647
863499	0.00574933597818017
504044	0.14343971014022827
766202	0.22654592990875244
766238	0.027941562235355377
242019	0.03353751078248024
242061	0.06192512437701225
242103	0.007540490478277206
1028538	0.45657557249069214
242107	0.048847496509552
1028555	0.27055925130844116
504306	0.41027796268463135
1028598	0.3002893030643463
1028608	0.019663948565721512
504335	0.020612386986613274
242219	0.010322928428649902
1028652	0.11605019867420197
1088947	0.11250194907188416
1028670	0.015222365967929363
1028711	0.4376557767391205
1028742	0.05765889585018158
1028753	0.06701399385929108
1028755	0.08644397556781769
1028796	0.04636464640498161
766769	0.23857374489307404
84106	0.09148979187011719
766804	0.19613119959831238
766808	0.10743632912635803
1029003	0.2654566764831543
1029016	0.08640311658382416
1029030	0.37070128321647644
1029031	0.09341660141944885
1029058	0.04355471208691597
1029124	0.11753258109092712
1029181	0.09035143256187439
1045347	0.15710461139678955
242863	0.007785960100591183
767248	0.02958226390182972
505107	0.13373707234859467
127876	0.020362326875329018
1029402	0.21370410919189453
505152	0.12287414073944092
505171	0.15663595497608185
1029492	0.09251302480697632
1029544	0.010253696702420712
1029552	0.6438202261924744
243139	0.016574988141655922
1029617	0.5238033533096313
1029681	0.09036573767662048
1029694	0.1769464910030365
1029772	0.5520017147064209
1029791	0.2634272277355194
767671	0.24098290503025055
505541	0.1508951336145401
243416	0.018580788746476173
767745	0.0089651420712471
1029908	0.3668069839477539
1029909	0.012493099085986614
1045494	0.0295414999127388
505810	0.06220635026693344
243712	0.015174620784819126
1030176	0.1531737744808197
558046	0.06551992893218994
243761	0.022647995501756668
1030215	0.03567678853869438
1030230	0.020497996360063553
1030271	0.0191304013133049
506025	0.07931412756443024
1030324	0.01357025932520628
1030378	0.19105412065982819
1030381	0.13848736882209778
1030388	0.3855717182159424
1030446	0.25505587458610535
1030451	0.11964443325996399
244092	0.011207018978893757
1030617	0.1470874696969986
1030623	0.5289142727851868
1030722	0.6803354620933533
506438	0.29348137974739075
1030823	0.010251465253531933
302878	0.26835882663726807
506579	0.1618655025959015
477648	0.09585196524858475
1030924	0.016066214069724083
1031032	0.021505672484636307
1031033	0.05689627304673195
1031047	0.2175837755203247
1031054	0.19850459694862366
1031118	0.29084551334381104
1031240	0.034803878515958786
244821	0.012715665623545647
506985	0.12425072491168976
244902	0.05640600249171257
241246	0.2806144654750824
244929	0.05848398059606552
507087	0.1255279928445816
1031456	0.11018627136945724
245120	0.04088300094008446
739913	0.10290325433015823
507381	0.07751855999231339
1031679	0.34718841314315796
1031682	0.1944318264722824
1031684	0.05310419946908951
507434	0.0817774161696434
769630	0.04672804847359657
303045	0.07752726972103119
245416	0.0470426008105278
1031861	0.04332827776670456
156566	0.10446643829345703
1031909	0.07756533473730087
1031976	0.022773196920752525
1031999	0.3673965334892273
1032011	0.22965969145298004
1032019	0.10016725212335587
1032156	0.013816406019032001
1032182	0.1459539830684662
507901	0.05313631147146225
1032198	0.0966060608625412
507934	0.1681032031774521
1032281	0.034894298762083054
770167	0.04929995536804199
1032341	0.08357807248830795
245921	0.06538313627243042
770233	0.446148157119751
508104	0.062064580619335175
508316	0.07133297622203827
783781	0.11995305866003036
1099746	0.20304423570632935
770604	0.3155028522014618
1032758	0.10544305294752121
1032822	0.17898371815681458
837467	0.10475463420152664
1089670	0.027491120621562004
1033007	0.12244783341884613
770894	0.0939832404255867
246626	0.16791732609272003
1033092	0.6998515725135803
1033205	0.22674943506717682
1033250	0.09641572088003159
1033296	0.09136874228715897
771170	0.020961785688996315
771239	0.3660248816013336
1033398	0.19690780341625214
509111	0.060508012771606445
509114	0.016327302902936935
1033443	0.07953295856714249
771314	0.010653254576027393
575616	0.16165213286876678
1033580	0.6537230610847473
247194	0.010596648789942265
1033652	0.13715609908103943
1046093	0.28618669509887695
1033703	0.03196313604712486
1033718	0.060750965029001236
1033725	0.01459499355405569
1033759	0.15460966527462006
776392	0.012305062264204025
771694	0.025104887783527374
771734	0.14295688271522522
1033912	0.053117942065000534
1033927	0.1594260185956955
1033962	0.01952013000845909
509730	0.25383028388023376
1034039	0.08828343451023102
1034050	0.5420989990234375
488345	0.7762120962142944
1034136	0.2899569272994995
1034172	0.00434084190055728
772055	0.1656438708305359
1034204	0.6375875473022461
510018	0.03735281899571419
478220	0.37971287965774536
1034409	0.27144691348075867
510152	0.13316135108470917
510158	0.11226148903369904
510229	0.1499035656452179
827801	0.03156653419137001
1034666	0.4344247579574585
1034680	0.04672325775027275
510444	0.12813156843185425
1034761	0.04556494951248169
478295	0.3362111449241638
248385	0.009606321342289448
1034845	0.6301648020744324
1035006	0.21941423416137695
772928	0.17698317766189575
1035078	0.1886764019727707
510858	0.46913349628448486
510867	0.19758571684360504
510893	0.4221549928188324
226509	0.3647879958152771
1035228	0.15369828045368195
1035247	0.03863128274679184
773155	0.11392062157392502
1035321	0.11276735365390778
1035367	0.0477069653570652
1035379	0.0054722921922802925
1035383	0.048748407512903214
511101	0.09777656197547913
1035410	0.023506836965680122
249118	0.017203494906425476
249176	0.02275952138006687
511330	0.03752332553267479
511367	0.20082099735736847
511417	0.7856476306915283
1035719	0.051591262221336365
1035805	0.35515159368515015
1035861	0.7090624570846558
1035874	0.11095577478408813
1035931	0.03353433683514595
1036002	0.7738426327705383
1036005	0.07647660374641418
249618	0.007219074293971062
828036	0.10408583283424377
773924	0.0340753048658371
511837	0.013341011479496956
773998	0.5289928317070007
511861	0.016184024512767792
249792	0.015904458239674568
774087	0.23649396002292633
1046520	0.10498830676078796
1036244	0.00898217223584652
249821	0.029015276581048965
512087	0.1799742728471756
1036380	0.12147064507007599
1036385	0.05745762959122658
828093	0.04149773716926575
595236	0.061760373413562775
244011	0.028311889618635178
1036542	0.16868335008621216
512278	0.09185882657766342
427323	0.041503578424453735
1036627	0.25682008266448975
250228	0.011905667372047901
1036675	0.11982448399066925
512405	0.7135980725288391
1090291	0.2680909335613251
1036782	0.08742261677980423
1036784	0.10839037597179413
250367	0.038813915103673935
1036800	0.13874585926532745
1090311	0.06629915535449982
512564	0.09899244457483292
512685	0.05974804237484932
1036999	0.6418156623840332
774866	0.16414226591587067
1037033	0.018898632377386093
250636	0.022859955206513405
512807	0.281366229057312
1037104	0.06299656629562378
1037116	0.31526273488998413
1037188	0.08018931746482849
1090377	0.6582321524620056
1037250	0.1089552640914917
863817	0.033462442457675934
1037302	0.06896653771400452
1037341	0.10020703822374344
513061	0.11119094491004944
1090399	0.04037364944815636
1037373	0.22067946195602417
740876	0.17878620326519012
1037407	0.30096566677093506
357519	0.057415157556533813
775297	0.09157327562570572
1090413	0.03252722695469856
775343	0.2929312288761139
775355	0.3282832205295563
776517	0.038257524371147156
251172	0.02263021655380726
1099495	0.019694508984684944
1037662	0.10654082894325256
1037686	0.1574227660894394
1037689	0.011103657074272633
1037722	0.22846007347106934
1037781	0.32768604159355164
1037817	0.15520773828029633
1037872	0.06961538642644882
1037881	0.18118897080421448
281002	0.01759503036737442
283154	0.36907103657722473
513779	0.0671830102801323
1038161	0.2893068492412567
391481	0.05371034890413284
156688	0.08895817399024963
1038184	0.11923006922006607
1090537	0.026477884501218796
776080	0.16034060716629028
1090550	0.1417645514011383
1090789	0.10492748022079468
1090796	0.14058052003383636
1090596	0.051995959132909775
1101531	0.12688292562961578
1038592	0.028038248419761658
776465	0.1457528918981552
174249	0.038237664848566055
1038678	0.09254219383001328
1038685	0.5968746542930603
532142	0.6665822863578796
523413	0.5297266840934753
1038719	0.04491227865219116
1038724	0.021753588691353798
1038755	0.48396116495132446
1038830	0.03382694348692894
776700	0.443164199590683
1038849	0.03605518862605095
1046969	0.1141953319311142
959589	0.030854161828756332
1039002	0.007945059798657894
1039052	0.10034491866827011
514767	0.035244885832071304
252632	0.007216576021164656
1003319	0.046388834714889526
1039195	0.4748400151729584
1039298	0.040855418890714645
1090727	0.1342509686946869
1039346	0.2900523543357849
1090730	0.3684121072292328
1039361	0.23058506846427917
837681	0.17805525660514832
828588	0.057651471346616745
777235	0.016935842111706734
777297	0.17370817065238953
515185	0.011464467272162437
1039495	0.03280642628669739
1039521	0.7306525707244873
1039586	0.3068074882030487
515335	0.021864598616957664
777519	0.0055185905657708645
1039728	0.13102060556411743
1039746	0.006801231298595667
515573	0.1147172600030899
777792	0.10239209234714508
1040022	0.5199512839317322
1040030	0.33969423174858093
1047152	0.1726178526878357
1040038	0.24992138147354126
1040064	0.5974093079566956
1040082	0.04807068035006523
1040088	0.10317312180995941
1040099	0.7473228573799133
515813	0.042631421238183975
778095	0.09487025439739227
778139	0.05380347743630409
1090887	0.3464677631855011
516029	0.09777089208364487
1040353	0.09031235426664352
253965	0.07953941076993942
253966	0.08717036992311478
1040409	0.21493127942085266
1040461	0.32390397787094116
1040507	0.04414879158139229
1040532	0.045513708144426346
1040684	0.03890541195869446
820267	0.021451059728860855
1040694	0.05571664497256279
516413	0.03381577134132385
1040793	0.15456169843673706
1040848	0.3364470303058624
1040959	0.2577016353607178
778857	0.04651464521884918
778890	0.2500910460948944
1041050	0.39267921447753906
254652	0.010104566812515259
778948	0.2742396593093872
1041146	0.008209130726754665
1041159	0.19809116423130035
1041226	0.11087094247341156
1021053	0.23555581271648407
994867	0.05441682040691376
1012328	0.2955482006072998
517085	0.13214229047298431
1003695	0.21180367469787598
1091080	0.3549436628818512
255027	0.01237209141254425
1091082	0.11112427711486816
1041473	0.04763190448284149
1041520	0.0064079854637384415
779475	0.06794114410877228
779553	0.017629651352763176
1041703	0.14133228361606598
1041714	0.31280580163002014
1041753	0.08486044406890869
357664	0.06061093881726265
517516	0.2314615696668625
779674	0.23800921440124512
255469	0.01714332588016987
1041924	0.23990628123283386
1091158	0.07416960597038269
1041948	0.6914284825325012
617968	0.06706295162439346
560357	0.11058924347162247
255633	0.010887508280575275
1042099	0.14072367548942566
1091189	0.035228416323661804
829050	0.3734063506126404
1091206	0.2437235563993454
780215	0.14923860132694244
1042364	0.1108330562710762
1042426	0.07833926379680634
780297	0.3215031921863556
780336	0.2396315187215805
256052	0.022267529740929604
1042488	0.12005714327096939
1042507	0.08926030993461609
1091269	0.06055910140275955
256192	0.023422012105584145
1042626	0.49071958661079407
1042676	0.20456579327583313
1042752	0.33213916420936584
780613	0.011142316274344921
1042800	0.18774324655532837
427532	0.20831304788589478
1042978	0.05313607305288315
1043064	0.1887461245059967
794160	0.0508611835539341
780993	0.19658182561397552
256783	0.022611120715737343
781074	0.2648579478263855
518940	0.00991402193903923
1043413	0.042383626103401184
829087	0.3173580467700958
519145	0.17250964045524597
471197	0.04846508428454399
257018	0.019863680005073547
994941	0.07942839711904526
1043568	0.09630127996206284
1043587	0.43408241868019104
1043658	0.005780048668384552
1043702	0.15808996558189392
1091461	0.148849219083786
257335	0.03546643257141113
1043815	0.04231633245944977
1043914	0.08273705095052719
1043955	0.1735241562128067
1043969	0.08118565380573273
1043995	0.1289040893316269
781877	0.27896368503570557
1044041	0.05039762333035469
782079	0.3508872389793396
1044244	0.046714309602975845
1004167	0.3865842819213867
257885	0.12549664080142975
782253	0.007062918972223997
904295	0.027036085724830627
520184	0.3421468734741211
86701	0.041079770773649216
782381	0.19849669933319092
782417	0.044156335294246674
782426	0.01459225732833147
1099726	0.13769300282001495
782549	0.06979236006736755
258337	0.008017847314476967
1091633	0.028250960633158684
1044809	0.14354781806468964
782696	0.008776050992310047
520627	0.18813680112361908
520636	0.010919571854174137
1047365	0.2229970395565033
1045071	0.07196049392223358
1045072	0.08662934601306915
520816	0.08809972554445267
1091692	0.13551539182662964
1045135	0.49373680353164673
1045203	0.5164496898651123
1045208	0.045290254056453705
1091706	0.044973261654376984
1045227	0.05174927040934563
1045229	0.020441319793462753
783098	0.15404140949249268
558548	0.19130846858024597
521018	0.4459616243839264
1045374	0.19697849452495575
783277	0.24939078092575073
611152	0.04947102442383766
1045540	0.14196613430976868
1045567	0.6739626526832581
783433	0.07901173830032349
783843	0.14776338636875153
259239	0.011818883009254932
521402	0.0737096518278122
1045717	0.27611422538757324
783602	0.1853511780500412
1045826	0.19517074525356293
783687	0.05442020297050476
259417	0.010876339860260487
1045853	0.17805297672748566
1045855	0.24656054377555847
525467	0.32399410009384155
783822	0.07461453974246979
1046042	0.20488356053829193
1091850	0.16558218002319336
521801	0.2052500694990158
783963	0.042604438960552216
783981	0.2521587014198303
521851	0.08835580945014954
1046161	0.045332517474889755
259763	0.0953245759010315
259781	0.30892863869667053
1048185	0.030470820143818855
522076	0.8258602023124695
1046384	0.07386651635169983
1046387	0.043431710451841354
522151	0.19607652723789215
1046463	0.21762940287590027
1046475	0.6230404376983643
1046567	0.36747977137565613
1046569	0.18083308637142181
260172	0.06058865040540695
1046648	0.5114870071411133
784549	0.019547732546925545
1046736	0.04099348559975624
1046750	0.19938887655735016
1092517	0.1969355046749115
1048282	0.08449609577655792
1091973	0.7544611692428589
784700	0.032274048775434494
1099803	0.5214051604270935
1046931	0.20437034964561462
784805	0.119024857878685
1046952	0.24297238886356354
567714	0.21485821902751923
1047010	0.1163712814450264
1047012	0.4278712868690491
1047088	0.288764625787735
784961	0.07546143978834152
1047138	0.26995399594306946
1092029	0.1466783583164215
1047160	0.10575469583272934
1047162	0.0408412367105484
260762	0.038425520062446594
522953	0.05014926940202713
567759	0.03569352254271507
1047269	0.022482626140117645
260853	0.059515662491321564
785176	0.38799309730529785
523062	0.25034162402153015
1047386	0.060410015285015106
1099823	0.2532719373703003
261098	0.0384831540286541
524116	0.054089128971099854
1047548	0.022450851276516914
1047556	0.33668237924575806
1047592	0.27285036444664
1047599	0.11485300213098526
1047625	0.5921456813812256
1047629	0.21360673010349274
1047642	0.14682935178279877
1047662	0.34755271673202515
743708	0.023039061576128006
1047700	0.04885678365826607
1047702	0.05856327340006828
1047708	0.11418291926383972
1099831	0.1562299132347107
1047738	0.006305505521595478
1047794	0.042541202157735825
1047833	0.05320752039551735
1047843	0.009095444343984127
1047854	0.025386586785316467
1082377	0.4090302288532257
785721	0.19699311256408691
794319	0.03455115109682083
523621	0.052871860563755035
830649	0.42848655581474304
1047913	0.047510650008916855
785772	0.008269094862043858
1047917	0.04885631799697876
261521	0.022344615310430527
1047987	0.13926708698272705
830040	0.08076978474855423
261652	0.035752516239881516
261683	0.012633873149752617
786009	0.060931071639060974
786021	0.03001837246119976
523952	0.03766806051135063
1048281	0.24380169808864594
786157	0.2035493701696396
1048303	0.005932207684963942
43649	0.06965376436710358
1048359	0.10950346291065216
1048361	0.01528254896402359
1048363	0.11938691884279251
1048377	0.06074637547135353
1048381	0.5577478408813477
734979	0.06305898725986481
524166	0.19585387408733368
968921	0.01868082396686077
786375	0.18499542772769928
1048565	0.3322424590587616
