1048585	0.5251964330673218
2	0.002617745893076062
524332	0.0014509251341223717
1048642	0.03661302104592323
524447	0.23079636693000793
786674	0.0018231597496196628
1048876	0.15805791318416595
1048917	0.3763926029205322
786786	0.038767341524362564
524699	0.018082305788993835
1048995	0.0028250711038708687
786857	0.03992949798703194
524722	0.1515660285949707
873886	0.36947187781333923
524733	0.09310747683048248
786918	0.0036252611316740513
786937	0.001678389497101307
1049085	0.0015027340268716216
262232	0.0013689056504517794
524835	0.9965785145759583
524848	0.3064001798629761
1049200	0.005613998509943485
1049221	0.0010914852609857917
1049329	0.9973076581954956
1049368	0.0025806035846471786
787255	0.002300810534507036
262974	0.0038876866456121206
1049456	0.07311773300170898
1049774	0.9752362966537476
1049791	0.23995022475719452
525534	0.07417825609445572
1288	0.3468172550201416
1049894	0.1518777757883072
787784	0.5000327229499817
1049955	0.008293543010950089
1050007	0.002376740565523505
525779	0.019949208945035934
263670	0.04011937230825424
811852	0.22001974284648895
1576	0.0031762211583554745
525868	0.5181790590286255
306105	0.15413106977939606
1050231	0.0035513699986040592
1050253	0.03173382207751274
1050275	0.14210040867328644
526013	0.023653192445635796
263889	0.0012385537847876549
788431	0.001882081152871251
264150	0.028321407735347748
526331	0.09981995820999146
788484	0.0016084534581750631
1050670	0.022008055821061134
1050695	0.03775312379002571
264284	0.019208984449505806
1050747	0.003237140132114291
1050778	0.198338121175766
2235	0.12824401259422302
264410	0.12457471340894699
788702	0.0017544974107295275
1050857	0.0020779564511030912
437291	0.00382828782312572
1050923	0.12038591504096985
526671	0.057926543056964874
788851	0.07803279906511307
264594	0.007219846826046705
830531	0.002827311400324106
1051095	0.001310475985519588
1051108	0.02047116868197918
1051112	0.025524405762553215
789037	0.19862721860408783
1051211	0.07124805450439453
1051214	0.001346805365756154
1051223	0.02416784130036831
1051229	0.9778363704681396
1051257	0.28579434752464294
264827	0.030780380591750145
526984	0.021907363086938858
1051279	0.29556381702423096
1051285	0.008097751066088676
1051307	0.023616163060069084
1051339	0.08423449099063873
1051352	0.0014380757929757237
1051372	0.19229601323604584
2798	0.5287976264953613
1051422	0.0010551160667091608
789292	0.9990113973617554
1051475	0.15831871330738068
789332	0.0016895633889362216
1051520	0.002042983425781131
1051530	0.11035482585430145
2962	0.001152850454673171
1051571	0.014957557432353497
961705	0.001069395337253809
1038859	0.09970538318157196
1091234	0.003497482044622302
1051723	0.4396193027496338
1051755	0.003935799468308687
1051808	0.004357535857707262
527568	0.0013618828961625695
1051886	0.005211444105952978
1051902	0.0011146552860736847
527625	0.0421120822429657
1051942	0.0015090210363268852
1051943	0.3200341463088989
527769	0.0521698035299778
1052115	0.18311858177185059
527853	0.13058996200561523
265729	0.0021792121697217226
790059	0.0019950116984546185
1052274	0.221149280667305
790178	0.03767382353544235
265960	0.018785493448376656
528117	0.35966557264328003
1052421	0.002333950949832797
1052427	0.061650414019823074
838116	0.010790261439979076
1052563	0.002417293842881918
1052585	0.008717954158782959
1091264	0.001382837537676096
1052615	0.1849333494901657
1052640	0.009258504025638103
830812	0.00361073249951005
1052717	0.008767377585172653
1005595	0.0172222089022398
1052948	0.5697313547134399
568709	0.0012659227941185236
1052965	0.006563764065504074
1052985	0.9990515112876892
528760	0.008600999601185322
1053111	0.008002690970897675
528841	0.01236268412321806
525047	0.9990027546882629
266760	0.0050759874284267426
1053219	0.0010900492779910564
1053253	0.15542368590831757
4696	0.2542437016963959
791140	0.0015489549841731787
266920	0.004122642800211906
791223	0.015259228646755219
529090	0.4998435378074646
267012	0.4597574770450592
529230	0.036259569227695465
4947	0.35104042291641235
1053611	0.07682447135448456
830973	0.0010951415169984102
1053716	0.9990480542182922
568841	0.0021839472465217113
267341	0.29048240184783936
1053896	0.9990629553794861
1053901	0.005849003791809082
1053931	0.013546204194426537
1053992	0.06840859353542328
1053997	0.2344878762960434
267566	0.036997128278017044
791862	0.2979928255081177
1054023	0.006659234873950481
791916	0.001466434565372765
568895	0.0026680086739361286
267644	0.00721007538959384
918424	0.005292693618685007
1054186	0.001542965299449861
1054189	0.032616596668958664
529918	0.0016999900108203292
1054328	0.004914750345051289
792187	0.007599192671477795
1054339	0.009622507728636265
1093231	0.0070368824526667595
1054438	0.0024922238662838936
1054450	0.4793429970741272
1054451	0.08804306387901306
1054468	0.0011794745223596692
5925	0.14893348515033722
44686	0.3711812198162079
1054593	0.028384186327457428
1054595	0.9966447353363037
1054610	0.03851610794663429
1091163	0.0022588165011256933
1054707	0.0012674641329795122
792595	0.9974415302276611
6217	0.12935779988765717
1091337	0.8299049735069275
792688	0.001249123946763575
530572	0.3667680025100708
792742	0.01333141140639782
530601	0.19332851469516754
1054923	0.17776240408420563
1054958	0.30529019236564636
1054969	0.8570123910903931
792847	0.19394506514072418
1054999	0.09763970971107483
1055125	0.001589960535056889
1055176	0.03887332230806351
1055197	0.04404836893081665
1055351	0.07843687385320663
531142	0.0035836417227983475
1091360	0.0018608414102345705
1055505	0.15724222362041473
793475	0.17210935056209564
831302	0.13696736097335815
242713	0.0014456186909228563
1055717	0.377068430185318
531490	0.07662879675626755
1215	0.046933598816394806
1055889	0.0014930967008695006
1093487	0.43325334787368774
1055940	0.34055811166763306
531676	0.0841362252831459
1056057	0.5214740037918091
1056060	0.15466740727424622
831380	0.0018891231156885624
1056163	0.313724160194397
1056211	0.006397671066224575
1056265	0.1473555862903595
307118	0.010482372716069221
1056303	0.00906350463628769
166111	0.02031361684203148
1056420	0.09276872873306274
1056437	0.001045658835209906
1056446	0.4039037823677063
1056482	0.034513846039772034
7968	0.0027342229150235653
1056548	0.174458846449852
270140	0.10907062888145447
1056580	0.0013466405216604471
794469	0.0074231321923434734
1056644	0.07913195341825485
1056726	0.001433997182175517
1056758	0.38381427526474
794625	0.0014339764602482319
525660	0.0046727764420211315
1100134	0.02139761485159397
1056850	0.005221114028245211
270422	0.0018879214767366648
1056950	0.028774715960025787
270520	0.03092481940984726
270521	0.0023859934881329536
1057015	0.10448261350393295
270603	0.0047190324403345585
794893	0.004682193510234356
270642	0.001942150411196053
1057098	0.23921795189380646
1057112	0.0020403165835887194
1057139	0.055031199008226395
1057168	0.04577948898077011
1057251	0.004206832032650709
1057270	0.11478923261165619
88831	0.06367787718772888
8714	0.0031002333853393793
1057334	0.0013789009535685182
1057367	0.8200995326042175
533105	0.09445726126432419
8854	0.5314484238624573
1057446	0.002278002444654703
1057476	0.0595698282122612
1057488	0.0014705852372571826
1057539	0.3129095733165741
569473	0.003808484645560384
1057631	0.08456815779209137
1057656	0.0016246747691184282
9083	0.9988300204277039
533398	0.013480698689818382
1057708	0.23111119866371155
569507	0.9989393353462219
1057757	0.0016901183407753706
1057937	0.1705118864774704
1057996	0.008351488038897514
9454	0.0023751661647111177
1058036	0.0023055770434439182
1058100	0.0016877546440809965
795991	0.0012765256687998772
1058140	0.0020309367682784796
1058141	0.002829926088452339
1058142	0.10172109305858612
1058165	0.038742899894714355
1058182	0.010030427947640419
794665	0.4413428008556366
1058271	0.19704380631446838
1058325	0.19540296494960785
1058415	0.01735273003578186
1058442	0.0029400354251265526
1058470	0.006795716471970081
272075	0.002352648414671421
1058515	0.28550639748573303
796383	0.24014514684677124
831784	0.12103937566280365
534305	0.10057935863733292
1058601	0.07816116511821747
1058604	0.0011446636635810137
569674	0.0014756134478375316
220151	0.006744695361703634
10205	0.38494783639907837
1058792	0.001347150537185371
1058822	0.2875456213951111
10276	0.0014508352614939213
1058885	0.0016688061878085136
10312	0.10288146138191223
534617	0.005168625619262457
272500	0.00905698910355568
1058952	0.18864187598228455
1058978	0.04134538769721985
1059045	0.07683354616165161
1059077	0.013703242875635624
1094039	0.44619548320770264
534941	0.0033771516755223274
272815	0.0022465973161160946
1059253	0.007688640151172876
1059287	0.22816863656044006
1059420	0.11267004907131195
1059421	0.0019440898904576898
535142	0.31622713804244995
1059442	0.037157874554395676
273014	0.016692012548446655
1059496	0.005238617770373821
1059504	0.005721225868910551
11006	0.0023072294425219297
1059601	0.0013308103661984205
1059619	0.022711262106895447
11050	0.009363256394863129
1059646	0.0012321179965510964
1059698	0.003912772983312607
11133	0.0427386611700058
1059801	0.0017679872689768672
273449	0.02467913180589676
535599	0.3657432496547699
273481	0.0044118850491940975
535627	0.9216106534004211
273522	0.015429418534040451
1059970	0.004030121024698019
535743	0.9281917214393616
1060039	0.011039836332201958
1060040	0.001116218976676464
176677	0.026638563722372055
1094191	0.006057232152670622
812190	0.013080082833766937
1060305	0.43508610129356384
1060342	0.0030932514928281307
1060391	0.363156259059906
798253	0.09018898755311966
798284	0.001866452512331307
1060462	0.15492120385169983
1094249	0.007807214744389057
11913	0.0201282761991024
1060496	0.1483149528503418
274067	0.10542739182710648
1060566	0.41778242588043213
274175	0.008353052660822868
1060616	0.20766501128673553
1060623	0.0017730219988152385
536480	0.21153365075588226
1060795	0.04633817449212074
1006922	0.0014337404863908887
570023	0.007592204492539167
262280	0.0025679036043584347
1060868	0.2047177106142044
1060881	0.02587239257991314
613727	0.043060775846242905
536654	0.0033299271017313004
45757	0.03563248738646507
482666	0.00539007131010294
798883	0.04791824147105217
1091545	0.3267822563648224
536791	0.0024065603502094746
798945	0.00109831930603832
570068	0.1770012527704239
1004258	0.003534159157425165
1061167	0.0033237370662391186
1061210	0.022214973345398903
1061237	0.0895124301314354
536995	0.11116807907819748
1094389	0.0065095932222902775
12741	0.014500273391604424
1061324	0.9990634322166443
1061382	0.01785656437277794
274981	0.0019696024246513844
1061472	0.033991165459156036
12903	0.00668970076367259
275049	0.29006171226501465
275137	0.17307345569133759
537301	0.004087021574378014
537410	0.0013524913229048252
308032	0.0020425051916390657
1061762	0.1661980003118515
275355	0.99905925989151
537505	0.009474357590079308
537526	0.009645883925259113
275528	0.16214589774608612
275534	0.3757709264755249
13397	0.005012977868318558
537706	0.3831029236316681
537761	0.1252886950969696
275629	0.002528519369661808
537825	0.003673386527225375
1062190	0.011805558577179909
1062223	0.022034551948308945
1062233	0.5022631287574768
537995	0.9989217519760132
1062332	0.0010808067163452506
1062334	0.002490134909749031
1062350	0.008902464061975479
275997	0.017552781850099564
1062457	0.0700170025229454
800318	0.22026360034942627
1062511	0.10071735084056854
838453	0.24542883038520813
1062589	0.0012156246230006218
538309	0.0011231204262003303
1062603	0.4824105501174927
1094605	0.005362072493880987
1062609	0.07840787619352341
538333	0.0020099557004868984
538340	0.0031118944752961397
276208	0.007798727601766586
46040	0.06036902219057083
1062687	0.0017430309671908617
14151	0.003268073545768857
276298	0.0012042353628203273
1062744	0.07611123472452164
276329	0.21202516555786133
276338	0.005884066224098206
276348	0.011244724504649639
1062784	0.0019940442871302366
832508	0.00857793539762497
1062928	0.006426793523132801
1062961	0.012100140564143658
471850	0.0052091157995164394
576601	0.13761283457279205
800987	0.0011811587028205395
1063177	0.16688770055770874
818798	0.0016278111143037677
1063349	0.0011157974367961287
1063371	0.10785527527332306
276979	0.09180460125207901
1063461	0.17547199130058289
1063478	0.2935280501842499
14947	0.6668278574943542
14963	0.49158263206481934
539278	0.33744680881500244
15039	0.47041743993759155
801478	0.9979233741760254
15063	0.3292313814163208
1063644	0.006868775933980942
1063659	0.1472114622592926
1063702	0.19605867564678192
1063758	0.019358664751052856
1063765	0.01586846634745598
1063777	0.0011119191767647862
539601	0.34093591570854187
277459	0.0021597545128315687
1063892	0.296336829662323
539648	0.025011183694005013
15382	0.49367839097976685
1063974	0.001080414978787303
277556	0.4087650775909424
15441	0.0057426756247878075
801907	0.37391701340675354
277623	0.9985426664352417
277632	0.0056215315125882626
1007473	0.20498299598693848
277701	0.9731359481811523
1064140	0.11738423258066177
277737	0.9969609379768372
1019649	0.0031948965042829514
15607	0.16178573668003082
1064195	0.08123419433832169
1064206	0.00325519940815866
277785	0.005085729993879795
277799	0.3808215260505676
539957	0.2898581027984619
277977	0.0563795380294323
1064473	0.03111031837761402
278074	0.001870764303021133
802372	0.03974684700369835
1064518	0.14091616868972778
1064529	0.10545991361141205
832790	0.21544335782527924
540306	0.3606116771697998
253678	0.0012896960834041238
1064687	0.2636289596557617
540432	0.13010968267917633
540456	0.9640545845031738
802634	0.2663607597351074
1064808	0.013364759273827076
1064852	0.0026924542617052794
278429	0.4099307358264923
1094996	0.001829964341595769
1064961	0.003572409739717841
278542	0.005133443977683783
1065032	0.013185747899115086
278606	0.46389198303222656
278658	0.9807841777801514
1065118	0.001513857045210898
16559	0.1297316700220108
1065160	0.3229301869869232
540906	0.06804493814706802
1065227	0.46685585379600525
540983	0.003160270396620035
278863	0.28437891602516174
1095059	0.9973167777061462
803237	0.0033362836111336946
541135	0.1504068523645401
16860	0.024687783792614937
803306	0.0011355029419064522
1065494	0.06697811931371689
1065551	0.0016760628204792738
1065558	0.008743899874389172
541272	0.0011300257174298167
541274	0.024119464680552483
1065650	0.03255768120288849
279229	0.010265094228088856
17110	0.06554660201072693
1095121	0.40787434577941895
1065712	0.18979376554489136
541425	0.01288785133510828
1065728	0.001439295127056539
1095126	0.4027433395385742
803599	0.2970117926597595
541557	0.03304608538746834
46579	0.008500725962221622
1065971	0.008746269159018993
1065985	0.0015823165886104107
17430	0.0013165314448997378
1066043	0.30038517713546753
1066116	0.0023335290607064962
279718	0.2884911894798279
17635	0.0038630645722150803
541948	0.0017218950670212507
804103	0.0028019328601658344
541969	0.019488800317049026
804197	0.001388896838761866
279987	0.09773223847150803
17848	0.060413941740989685
17884	0.9990635514259338
789439	0.04064735025167465
658372	0.13941600918769836
280223	0.002372067654505372
18101	0.31904342770576477
1066709	0.021008435636758804
1066716	0.06919653713703156
1066792	0.023468229919672012
804687	0.0012516791466623545
1066916	0.03042118065059185
1066958	0.13982364535331726
1066966	0.03775845840573311
1066971	0.33731546998023987
542806	0.0021975666750222445
323592	0.011302590370178223
804996	0.07899534702301025
1067276	0.06383834779262543
1067284	0.19949454069137573
18759	0.11940301209688187
280927	0.019694043323397636
543251	0.5059937834739685
134239	0.0018232050351798534
1067587	0.004054803866893053
1067640	0.0822426974773407
1067659	0.04738978296518326
281270	0.016839733347296715
1067724	0.9990369081497192
1067764	0.007905394770205021
1067772	0.08738701045513153
1067826	0.001156854210421443
543644	0.020889077335596085
19457	0.029698796570301056
805900	0.011862115934491158
543813	0.028095653280615807
19552	0.007175913080573082
281702	0.0928124189376831
281704	0.0037976542953401804
543849	0.01889161951839924
1095542	0.324652761220932
543951	0.017360398545861244
1068276	0.0328981839120388
1068290	0.24810923635959625
544060	0.11772920191287994
281930	0.4596233665943146
1068408	0.16151201725006104
544123	0.14602109789848328
19940	0.012296047993004322
544277	0.18384994566440582
544308	0.004740394186228514
544319	0.08423545211553574
282214	0.015142193995416164
1068715	0.0011410992592573166
806574	0.010099888779222965
1068726	0.0169670470058918
282397	0.05492660775780678
806688	0.062276966869831085
282411	0.0031379933934658766
833507	0.02122984267771244
995787	0.5977126955986023
1068924	0.15596632659435272
20356	0.002883462468162179
1068952	0.0011073078494518995
305650	0.0012772694462910295
282530	0.0013403102057054639
20432	0.37281015515327454
1069028	0.07222545892000198
544745	0.0751902312040329
1051990	0.19053594768047333
544811	0.32041144371032715
1069108	0.40537580847740173
1069128	0.9990346431732178
20597	0.0011999381240457296
1069222	0.004794352222234011
20671	0.001273270114324987
544974	0.003941743168979883
1069313	0.08022747933864594
833579	0.006836462765932083
1069327	0.09919224679470062
1069344	0.03975328803062439
1069405	0.018992748111486435
1069474	0.0038376515731215477
1069521	0.16993831098079681
1069556	0.02016999013721943
283141	0.5164626836776733
545359	0.9986384510993958
1052089	0.02589932456612587
1069717	0.0019913294818252325
807585	0.05946790799498558
545450	0.25404947996139526
21185	0.11934264749288559
576822	0.015055068768560886
283344	0.0021030446514487267
545575	0.10879947990179062
178325	0.009050537832081318
283548	0.0014722063206136227
1069981	0.16226401925086975
1069983	0.03908977285027504
807880	0.00525543000549078
1070131	0.2599843442440033
545847	0.0027886570896953344
808019	0.0018048210768029094
21603	0.01011598575860262
1100581	0.0013114148750901222
21741	0.18884997069835663
21765	0.11921805888414383
1095899	0.0037976130843162537
1070412	0.0018885730532929301
21861	0.09783542901277542
1070452	0.3256385326385498
284072	0.00197660643607378
808362	0.03268934413790703
21948	0.23469622433185577
1070546	0.004656234756112099
463373	0.002514455234631896
790110	0.0016192910261452198
1095952	0.005911772605031729
284313	0.0011889191810041666
546459	0.0037150136195123196
22231	0.0016986139817163348
808716	0.07361698150634766
1070867	0.02235329896211624
47419	0.0693545863032341
284565	0.003216833109036088
22479	0.09076497703790665
1071061	0.30074384808540344
546825	0.0012758357916027308
1071198	0.2776782512664795
546956	0.0018789969617500901
1071270	0.15941284596920013
547018	0.006902108900249004
547089	0.0131665775552392
1071389	0.028612345457077026
547139	0.3820875287055969
22882	0.0034303779248148203
1071485	0.12290911376476288
1071534	0.13418465852737427
1071545	0.012125103734433651
547301	0.0025318071711808443
285158	0.00900148507207632
1071598	0.09593638777732849
809556	0.06481170654296875
484454	0.002568321069702506
1071722	0.8840143084526062
166625	0.073509581387043
285375	0.11899038404226303
831030	0.0018695055041462183
23285	0.07450105994939804
809798	0.03735252097249031
47588	0.025416044518351555
285537	0.14435125887393951
1071992	0.10508975386619568
309745	0.00719557236880064
809933	0.006079703103750944
285656	0.011425532400608063
285729	0.010034892708063126
1072188	0.05677548050880432
548036	0.2343817502260208
810210	0.002754450775682926
810242	0.054033465683460236
548099	0.31776633858680725
1057007	0.042711395770311356
810270	0.013928950764238834
178741	0.30167871713638306
810324	0.03597685322165489
47674	0.0036157937720417976
1072479	0.001029196777381003
1072513	0.11590082943439484
810394	0.005872257053852081
548254	0.09108208119869232
286160	0.0027360583189874887
1072603	0.20384535193443298
1072750	0.007466016802936792
548475	0.5384210348129272
1052610	0.03681770712137222
810680	0.0952526181936264
1072874	0.16071322560310364
47741	0.059129856526851654
548673	0.07982229441404343
1072988	0.0016253942158073187
24441	0.001130525255575776
790536	0.04542973265051842
1073358	0.0669068992137909
1073365	0.04231133311986923
24807	0.008879274129867554
549135	0.006903442088514566
24979	0.0444846972823143
1073569	0.010439547710120678
25025	0.004781124647706747
25036	0.0019889608956873417
47864	0.001851900015026331
549342	0.0015729841543361545
1073640	0.00398335000500083
1073721	0.20628367364406586
1073801	0.0030031907372176647
1073805	0.0014611927326768637
25294	0.026918111369013786
821372	0.6002957820892334
703268	0.044540226459503174
1073943	0.0109127601608634
1073972	0.0016782464226707816
1073980	0.0035366236697882414
1074001	0.02568844147026539
549731	0.1368110328912735
549738	0.4251437783241272
559507	0.0018494477262720466
25534	0.0032609212212264538
25603	0.3527807891368866
1096557	0.0017654651310294867
287912	0.1683799922466278
1074499	0.04448482021689415
812387	0.005069934297353029
288139	0.007496933918446302
550331	0.0026721684262156487
288200	0.005741915665566921
26079	0.0017167495097965002
26207	0.07341200113296509
1074804	0.001193127129226923
1074807	0.005575040355324745
397592	0.1101737916469574
1096644	0.027556879445910454
550565	0.029400909319519997
812734	0.00187327666208148
1074883	0.001767142559401691
550609	0.002873073099181056
26334	0.0016164599219337106
1074949	0.0509328655898571
1096667	0.008032708428800106
1074989	0.0016090491553768516
1074995	0.019458584487438202
1074997	0.8573936820030212
934889	0.8228391408920288
288702	0.11045531928539276
26664	0.1894313246011734
1075244	0.38162821531295776
1075262	0.019398977980017662
1075313	0.0010702268918976188
288884	0.2012043297290802
1075336	0.5040338039398193
1075348	0.08572178333997726
551119	0.5144914984703064
26847	0.056733425706624985
1075588	0.015075856819748878
1075591	0.0011945337755605578
1075608	0.007327383384108543
1075636	0.06514785438776016
1075656	0.0016689735930413008
551413	0.0015658291522413492
289276	0.016333529725670815
1075713	0.02021343633532524
1075741	0.059397466480731964
786520	0.0019629821181297302
572517	0.14913596212863922
1075919	0.004759062547236681
289556	0.0017306800000369549
289586	0.002806323580443859
1076030	0.009776834398508072
813899	0.044935356825590134
1076078	0.016211630776524544
551819	0.006958827842026949
551860	0.0019820528104901314
27618	0.0012374377110973
289812	0.10615718364715576
1076269	0.03741075471043587
27743	0.07747822999954224
1100783	0.008926890790462494
814282	0.0031256151851266623
27932	0.003838054835796356
1074603	0.010211392305791378
28216	0.055986084043979645
814699	0.00290044117718935
290488	0.0024841725826263428
834848	0.050915028899908066
290499	0.001629294827580452
48417	0.07045645266771317
1077000	0.16813386976718903
1077002	0.0014548329636454582
1077006	0.1735772341489792
290585	0.006407010834664106
1077019	0.47812002897262573
290632	0.09760608524084091
814964	0.008812732063233852
814987	0.0012898355489596725
552868	0.3468499779701233
815015	0.001059287809766829
290779	0.0013667853781953454
1097040	0.002835426712408662
290830	0.05265491455793381
1077356	0.01145996619015932
1097066	0.33580976724624634
815243	0.0021288220304995775
105709	0.05583994463086128
815420	0.0043197935447096825
815421	0.004203379154205322
29097	0.03378164395689964
291248	0.0034783047158271074
815580	0.00168989144731313
29169	0.0013863701606169343
291396	0.1646837443113327
1077844	0.002407676773145795
922398	0.9986345171928406
291516	0.05883460491895676
29416	0.0019487538374960423
1078187	0.002439250471070409
29612	0.12629660964012146
1078198	0.9943596720695496
1078222	0.005186296999454498
1097236	0.0040935673750936985
816289	0.0034578535705804825
1078446	0.04629930108785629
1078491	0.02405044622719288
292094	0.011627254076302052
1097259	0.12690864503383636
572978	0.013780975714325905
816483	0.03570181131362915
292225	0.02943418174982071
1078731	0.005824151914566755
1078752	0.4072782099246979
30188	0.16553565859794617
1078765	0.0012623725924640894
554511	0.0025880616158246994
1078906	0.9552688002586365
1078920	0.2510536313056946
554738	0.0021433972287923098
816893	0.9635134339332581
1079050	0.4613151252269745
1079086	0.002418534830212593
292676	0.001620462629944086
1079231	0.47046566009521484
292813	0.23337265849113464
398335	0.0015354107599705458
1079340	0.02220500260591507
1079434	0.12534885108470917
555179	0.02002900466322899
817349	0.002239556983113289
1079535	0.0050756619311869144
227992	0.003472653916105628
817597	0.048648081719875336
555458	0.001993416342884302
791629	0.017292259261012077
31222	0.1522606462240219
1079815	0.003699371125549078
1079817	0.06024134159088135
1079831	0.0035936913918703794
293401	0.031809382140636444
555558	0.0015928850043565035
293421	0.3144487142562866
555590	0.011782444082200527
1079888	0.011952641420066357
1079959	0.0033193393610417843
1079987	0.5079618096351624
31432	0.1082930639386177
1080010	0.9868532419204712
1080031	0.04400913044810295
555750	0.0030778562650084496
555850	0.0541040413081646
31595	0.006132916081696749
952520	0.013719228096306324
1080253	0.002742545213550329
1080406	0.0026329357642680407
1080419	0.21211983263492584
293992	0.2555983066558838
556144	0.11517299711704254
556166	0.45095139741897583
1080495	0.06958083063364029
556217	0.004162904340773821
556248	0.00782853364944458
1080537	0.012457065284252167
1080555	0.002716219983994961
556307	0.0859515592455864
879155	0.12077655643224716
1097619	0.03738444298505783
32176	0.22067172825336456
818612	0.011625397950410843
556476	0.024775825440883636
556587	0.056879106909036636
1080937	0.0031898620072752237
1080939	0.003344427328556776
1080948	0.0031754346564412117
1080950	0.002571446355432272
818819	0.06147320568561554
1080970	0.226028710603714
818842	0.08423732966184616
1081086	0.002301048021763563
1081091	0.0017716654110699892
32642	0.0017785076051950455
556952	0.002053340896964073
556976	0.002230205340310931
1097723	0.0014329957775771618
1081338	0.41775503754615784
557157	0.22913889586925507
1054071	0.0018434873782098293
295135	0.009000315330922604
1081569	0.09266702830791473
1081595	0.4342402517795563
1081609	0.9987404942512512
557401	0.001850609201937914
557417	0.001721251755952835
1081730	0.005996283609420061
819618	0.08717592805624008
557492	0.2647774815559387
1081946	0.0017927369335666299
1082002	0.29680901765823364
1082091	0.03025970235466957
1082117	0.0012838440015912056
1082242	0.0077492897398769855
1082263	0.08297228068113327
1082265	0.002439904725179076
1082281	0.39075952768325806
1082332	0.006161427590996027
1082336	0.010231653228402138
1082339	0.011880221776664257
1082341	0.005295629147440195
1082351	0.4195445477962494
1082384	0.0013834224082529545
1100986	0.1202261820435524
1082427	0.04258063808083534
1082445	0.02091078646481037
1082448	0.1493576169013977
1082455	0.0024297183845192194
1082501	0.1523270457983017
1082502	0.03668934851884842
1082531	0.002129867672920227
1082536	0.0029610644560307264
1082547	0.0011074303183704615
558263	0.01666390709578991
1082576	0.09991162270307541
34015	0.0017380184726789594
1082603	0.01979803666472435
1082607	0.0059331865049898624
34039	0.04960804060101509
1082622	0.05612662434577942
1082653	0.9990646243095398
1082668	0.0015995129942893982
1082730	0.03290366753935814
558448	0.10570870339870453
1082750	0.004929359070956707
1082751	0.001167437294498086
1082759	0.9950927495956421
1082779	0.38164854049682617
1082792	0.020354757085442543
1082807	0.04893888533115387
1082835	0.0012803807621821761
1082840	0.12118270248174667
1082870	0.0011741683119907975
1082872	0.10024634003639221
1082877	0.33955955505371094
1082893	0.16200226545333862
1082924	0.04324913024902344
1082947	0.0010576078202575445
1082948	0.03279394656419754
1082966	0.004253904335200787
1082978	0.2952890396118164
1083000	0.0017167485784739256
1083010	0.0011459761299192905
1083017	0.04180573672056198
1083021	0.0017927343724295497
1083052	0.3875117599964142
1083085	0.0011433199979364872
839137	0.16396242380142212
1083092	0.0012072116369381547
1083095	0.05980484187602997
1083108	0.5015525221824646
820973	0.10424277931451797
1083125	0.001540690311230719
1083127	0.0010920141357928514
1083150	0.2559177577495575
1083152	0.03795647621154785
1083157	0.4123593866825104
1083158	0.14347481727600098
1083161	0.11955875903367996
1083243	0.07466614991426468
1083267	0.0016911919228732586
1083268	0.0015880059218034148
1083278	0.06014595925807953
1083285	0.0011756573803722858
1083296	0.27246248722076416
559009	0.0016704504378139973
559018	0.12318331003189087
1083307	0.35477882623672485
1098057	0.0015958453295752406
1083332	0.004479736089706421
1083340	0.09445011615753174
1083341	0.002683618338778615
1083342	0.001501027145422995
1083345	0.0010789863299578428
1083361	0.016866881400346756
1083362	0.0023996103554964066
1083401	0.20768359303474426
1083410	0.1378307044506073
296993	0.006702383514493704
1083428	0.0013474769657477736
1083430	0.11054795980453491
1083443	0.0023649155627936125
1083472	0.637389600276947
559198	0.14643792808055878
1083493	0.0034597599878907204
1083499	0.04298309236764908
1083500	0.00185202166903764
1083502	0.004197206348180771
1083508	0.029884088784456253
1083517	0.009793272241950035
1083535	0.21709440648555756
1083537	0.0013589075533673167
1083584	0.002288856077939272
1083597	0.4491935074329376
1083598	0.006469617132097483
1083611	0.001509115332737565
1083627	0.0031166630797088146
1083641	0.0012043202295899391
1083663	0.07056788355112076
1083675	0.0012328845914453268
1083690	0.0016631101025268435
1083713	0.19070617854595184
1083721	0.22659564018249512
1083722	0.0014764034422114491
1083727	0.3786734640598297
1083743	0.4141276478767395
1054440	0.014840813353657722
1083783	0.0016357135027647018
1083791	0.08964923024177551
1083797	0.011696509085595608
1083800	0.0011780249187722802
1083819	0.0010765180923044682
1083822	0.09630321711301804
1083831	0.0011386045953258872
1083832	0.004478549584746361
1083846	0.05220917612314224
1083852	0.010040033608675003
1083865	0.002564804395660758
559607	0.13840581476688385
1083909	0.14480692148208618
1083933	0.26713523268699646
1083945	0.0013074688613414764
1083948	0.001625516451895237
1083967	0.004533371888101101
559709	0.18577592074871063
1084038	0.006683230400085449
1084041	0.0010648116003721952
1084075	0.0020096180960536003
1084076	0.0681619718670845
1084086	0.0015187027165666223
297672	0.0015236064791679382
1084192	0.0014187598135322332
1084197	0.004459018353372812
1084230	0.09247292578220367
1084233	0.01251627504825592
559959	0.0048004151321947575
1084273	0.16690272092819214
1084276	0.00587784918025136
1084289	0.009148702956736088
1084301	0.04104054346680641
1084308	0.1268085241317749
1084324	0.001120935077778995
1084326	0.0010987117420881987
1084330	0.0014423562679439783
1084336	0.005559536162763834
1084354	0.998561441898346
1084383	0.1270253211259842
1084403	0.16548016667366028
1084408	0.01916714385151863
1084435	0.0350508876144886
1084441	0.002073887502774596
1084469	0.08109452575445175
1084475	0.9990655779838562
1084478	0.006434157025068998
1084512	0.08045534044504166
1084516	0.0036467593163251877
1084518	0.002056692261248827
560245	0.0018647965043783188
1084555	0.3356390595436096
1084582	0.008548140525817871
1084599	0.001949772471562028
1084602	0.09398187696933746
1084603	0.0024989661760628223
1084624	0.0029579787515103817
1084686	0.3952449560165405
36133	0.07283259183168411
1084712	0.0011749318800866604
1084713	0.00543441204354167
1084722	0.041420210152864456
822585	0.0036228778772056103
1084755	0.48621347546577454
1084769	0.01178001333028078
822649	0.0015064714243635535
1084814	0.3003213703632355
1084838	0.07710517197847366
1084848	0.0037268074229359627
298444	0.28966784477233887
1084887	0.0010726695181801915
1084889	0.003297746879979968
1084898	0.05557856336236
1084906	0.001660757465288043
1084910	0.024549171328544617
1084930	0.1355033665895462
1084942	0.0019097714684903622
1084971	0.05593332648277283
1084982	0.11407224088907242
1084986	0.20176388323307037
822859	0.0021061731968075037
1085008	0.4198763072490692
1085013	0.0012119660386815667
1085048	0.5195271968841553
1085139	0.0065439725294709206
1085141	0.0013161847600713372
1085192	0.011794042773544788
1085197	0.0013131402665749192
1085229	0.505463182926178
1085245	0.12537860870361328
1085279	0.998793363571167
1085288	0.46352559328079224
1085303	0.013089953921735287
1085319	0.08322028815746307
1085327	0.031813230365514755
1085339	0.02058427780866623
1085341	0.003510373877361417
823203	0.0015409677289426327
1085348	0.934471845626831
1085351	0.5400405526161194
1085356	0.320155531167984
298940	0.006707820110023022
1085386	0.002038574544712901
1085393	0.008967319503426552
1085421	0.004936759825795889
1085422	0.43279385566711426
1085434	0.02153511717915535
1085441	0.9987443685531616
1085454	0.14492234587669373
299023	0.003189029637724161
1085456	0.9919725656509399
1085457	0.3996967375278473
1085510	0.12167739123106003
1085517	0.009612052701413631
1085521	0.033266086131334305
299094	0.3725763261318207
1085532	0.19018827378749847
1085533	0.4420521557331085
1085535	0.018861636519432068
299110	0.0015686331316828728
1085545	0.08166088908910751
1085550	0.13730353116989136
823421	0.04585057497024536
1085572	0.09609165042638779
1085584	0.5065566301345825
1085586	0.23319624364376068
1085613	0.11114294826984406
1085630	0.040962401777505875
1085658	0.17445513606071472
1085674	0.2633511424064636
576360	0.005756022874265909
1085733	0.004477068316191435
1085741	0.004133176989853382
1085760	0.3934279680252075
1085762	0.004572872072458267
1085764	0.547910749912262
1085775	0.005587908439338207
1085777	0.0848517045378685
1085779	0.2490917146205902
1085780	0.18148501217365265
299350	0.19962432980537415
1085796	0.0467534177005291
1085804	0.22512447834014893
1085812	0.9651983976364136
1085842	0.11444739997386932
1085845	0.0028107839170843363
1085862	0.049514979124069214
1085889	0.5607798099517822
1085918	0.539461076259613
1085924	0.3840065002441406
1085930	0.11817459762096405
1085936	0.3842747211456299
1085943	0.0016724626766517758
1085967	0.4758273661136627
1085980	0.022841380909085274
1086008	0.13033825159072876
1086014	0.07788948714733124
1086022	0.0061756642535328865
1086046	0.0015045946929603815
1086075	0.2432573139667511
1086085	0.013907041400671005
1086120	0.20604217052459717
1086145	0.0013768774224445224
299732	0.007188888732343912
1086174	0.07231990247964859
1086186	0.0014331403654068708
1086200	0.004321980755776167
1086224	0.005493271630257368
1086241	0.0028767131734639406
1086266	0.12056276947259903
1086271	0.058967869728803635
1086281	0.1118139699101448
1086288	0.4646744430065155
1086296	0.0023547369055449963
1086305	0.043327249586582184
1086309	0.04664076119661331
1086326	0.0011268421076238155
1086354	0.018001915886998177
299939	0.0013690391788259149
1086384	0.005625808611512184
1086385	0.001957215368747711
1086424	0.0017231946112588048
1086430	0.5141797661781311
1086439	0.04235008358955383
530602	0.22215239703655243
1086468	0.35506728291511536
1086491	0.31698280572891235
1086498	0.018264487385749817
530611	0.4039860963821411
1086532	0.10844704508781433
1086555	0.16559171676635742
1086565	0.07921739667654037
1086575	0.9990531802177429
1086581	0.011372752487659454
1086594	0.12114210426807404
1086595	0.002599134808406234
1086628	0.0010511240689083934
1086637	0.03633127734065056
1086679	0.004139635246247053
1086681	0.0016341981245204806
1086693	0.0013235657243058085
1086701	0.537983238697052
1086708	0.07856185734272003
1086713	0.022567102685570717
1086715	0.2327510416507721
300312	0.11380758881568909
1011248	0.00440695695579052
1086760	0.015929464250802994
1086765	0.1195327565073967
1086834	0.13011980056762695
1086836	0.00403897138312459
1086855	0.16269919276237488
1086860	0.001245110179297626
1086874	0.2748415470123291
1086883	0.0010876863962039351
1086886	0.00146057631354779
1086893	0.011643744073808193
1086915	0.0447671078145504
1086917	0.019579457119107246
1086927	0.002779550151899457
1086928	0.2595956027507782
1086942	0.0029974225908517838
1086974	0.9990580677986145
1086976	0.004733411595225334
1087014	0.19470182061195374
1087018	0.00115874782204628
1087042	0.12476903945207596
1087046	0.007768345531076193
1087047	0.002062290208414197
1087050	0.02486211620271206
1087061	0.002194300526753068
1087066	0.006113036535680294
1087074	0.007439808454364538
1087077	0.2745077908039093
1087105	0.19728505611419678
300674	0.20225553214550018
1087114	0.01952282153069973
562827	0.02910107560455799
1087122	0.06880379468202591
1087126	0.0011454375926405191
1087129	0.02103254944086075
1087171	0.9435999989509583
1087173	0.012463954277336597
1087185	0.04516054689884186
1087186	0.2781446874141693
1087204	0.44291722774505615
1087215	0.4572955071926117
1087226	0.0012847210746258497
1087238	0.004444004036486149
1087269	0.2867794930934906
1087309	0.0012979103485122323
1087317	0.005623155273497105
1087327	0.36743250489234924
1087351	0.11081436276435852
1087361	0.12198293209075928
300933	0.00434540119022131
1087375	0.0014658853178843856
792900	0.0840713158249855
563119	0.0010837131412699819
1087425	0.43483367562294006
1087435	0.07165919244289398
1087455	0.008970540948212147
1087484	0.07630938291549683
1087486	0.026110371574759483
1087487	0.01126769371330738
1087492	0.0010523865930736065
301061	0.004650368820875883
1087514	0.0968250185251236
1087544	0.13886171579360962
1087556	0.021814074367284775
1087566	0.001138808554969728
1087581	0.08361991494894028
1087603	0.14280344545841217
1087604	0.016269773244857788
1087609	0.8528774976730347
1087634	0.002584384987130761
1087675	0.14736062288284302
1087680	0.00384195102378726
1087687	0.2514308989048004
1087690	0.008249054662883282
1087722	0.44515275955200195
1087727	0.0016361527377739549
1087728	0.05748357996344566
1087729	0.13576486706733704
1087736	0.006636245176196098
1087764	0.08960819244384766
1087766	0.007731505669653416
1087774	0.0013863021740689874
1087795	0.008379640989005566
1087803	0.28248968720436096
1087835	0.0054449476301670074
1087848	0.33626484870910645
1087858	0.42810526490211487
1087869	0.001538689131848514
1087870	0.005527136381715536
1087904	0.019178876653313637
1087911	0.0077003054320812225
563652	0.03452841192483902
1087959	0.005987945944070816
1087967	0.2617323398590088
1087969	0.009539540857076645
1087999	0.8834329843521118
825948	0.35725316405296326
825954	0.0014263869961723685
1088138	0.12034609168767929
39577	0.0015550110256299376
1088164	0.25306546688079834
1088209	0.07077859342098236
1088210	0.24254721403121948
1088211	0.002480659866705537
1088221	0.3568905293941498
563943	0.0018233975861221552
1088252	0.0021949647925794125
1088254	0.0012706629931926727
563995	0.21864834427833557
1088302	0.060232263058423996
1088309	0.04431276395916939
1088311	0.012441758997738361
1088332	0.09940008819103241
1088349	0.06410020589828491
1088358	0.03723291680216789
1088379	0.19042328000068665
1088434	0.9977188110351562
1088437	0.0853225439786911
1088444	0.9985907673835754
1088453	0.22861348092556
1088475	0.4913792312145233
1088502	0.34177523851394653
1088510	0.08774551749229431
1088512	0.06366003304719925
1088515	0.0422128327190876
1088539	0.39279481768608093
1088541	0.05394607037305832
1088606	0.15511782467365265
1088628	0.14896464347839355
40056	0.005406605079770088
1088648	0.9990609288215637
1088653	0.1136946901679039
826513	0.15923359990119934
1088658	0.4666736423969269
1088685	0.005444134585559368
1088693	0.19375036656856537
1088715	0.29377180337905884
1088734	0.1339455097913742
1088742	0.40317395329475403
1088758	0.0653146356344223
302337	0.9930608868598938
564509	0.0026445840485394
1088800	0.45684531331062317
1088816	0.019783245399594307
1088832	0.0022803109604865313
1088845	0.07337425649166107
1088856	0.16496969759464264
1088869	0.018267719075083733
1088875	0.08409950137138367
1088884	0.8804632425308228
1088889	0.021476183086633682
1088903	0.004505419172346592
40337	0.03975335508584976
1088915	0.0010812005493789911
1088928	0.31039074063301086
1088938	0.0014454472111538053
1088958	0.003442707471549511
1088960	0.3386002480983734
1088973	0.37047940492630005
1088987	0.002605414716526866
1088993	0.008951239287853241
1089001	0.4222389757633209
1089002	0.9622523188591003
1089021	0.6405148506164551
1089022	0.005809715948998928
1089026	0.07268568873405457
1089027	0.5050355195999146
1089036	0.03691147267818451
1089043	0.026993583887815475
1089044	0.35288912057876587
1089051	0.315725177526474
1089071	0.0018502058228477836
1089085	0.25128382444381714
1089093	0.004155819769948721
1089121	0.04476925730705261
1089143	0.15623585879802704
1089156	0.47459903359413147
1089158	0.8540346622467041
1089164	0.21867497265338898
1089167	0.08055956661701202
1089177	0.0023555972147732973
1089214	0.10274310410022736
1089246	0.15186496078968048
1089273	0.1088038757443428
1089277	0.07244782894849777
1089286	0.12673145532608032
1089293	0.8664067387580872
1089312	0.005478286650031805
1089325	0.0022037180606275797
1089355	0.9990652203559875
1089376	0.09344896674156189
1089401	0.04865235462784767
1089406	0.18463541567325592
1089408	0.038669340312480927
1089414	0.04323688521981239
1089434	0.003250307636335492
1089438	0.1402408927679062
1089443	0.04169395938515663
1089469	0.0073424335569143295
560673	0.005663188174366951
1089498	0.002902889857068658
1089501	0.0015430886996909976
1089511	0.002017343882471323
565231	0.002037431113421917
1089521	0.0918402448296547
1089541	0.009348574094474316
1011713	0.20814676582813263
1089558	0.012692968361079693
1089560	0.031901270151138306
1089576	0.0013890847330912948
1089597	0.16066208481788635
1089619	0.020125219598412514
1089639	0.2954866886138916
1089645	0.20134150981903076
1089656	0.2703951895236969
1089674	0.9990262985229492
1089678	0.0024238117039203644
1089683	0.7635743021965027
1089688	0.008719367906451225
1089691	0.48339083790779114
1089693	0.0013235346414148808
1089696	0.015647608786821365
1089706	0.04921477660536766
1089719	0.0017950396286323667
1089727	0.07602982968091965
1089750	0.5517632365226746
1089760	0.0027456367388367653
1089763	0.5727234482765198
1089776	0.013813457451760769
1089787	0.0011884397827088833
1089804	0.022544778883457184
1089805	0.3918582499027252
1089810	0.015295951627194881
1089832	0.04949984326958656
1089846	0.0010654604993760586
1089868	0.0019962063524872065
1089896	0.25393572449684143
1089906	0.016779825091362
1089925	0.2147826999425888
1089940	0.21023111045360565
1089945	0.537000298500061
1089964	0.2715877294540405
1089966	0.9988638162612915
1089983	0.03522023186087608
565696	0.0015227551339194179
1090029	0.0175996795296669
1090043	0.07248172163963318
1090054	0.019675204530358315
1090063	0.19081881642341614
1090072	0.14866755902767181
1090077	0.00315361050888896
1090086	0.020893894135951996
1090100	0.21474438905715942
1090102	0.16032259166240692
1090107	0.0026501992251724005
1090110	0.034823182970285416
1090115	0.005720995366573334
1090132	0.2885740399360657
1090146	0.11409065127372742
1090151	0.0025582644157111645
565868	0.0011451772879809141
1090165	0.03561021015048027
1090170	0.08457775413990021
1090171	0.13867564499378204
1090184	0.34998223185539246
303777	0.3745695650577545
303790	0.0026909615844488144
1090242	0.22131049633026123
1090270	0.002505737356841564
1090350	0.0021309826988726854
1090364	0.09338467568159103
303934	0.046061426401138306
1090374	0.13984155654907227
1090388	0.09912526607513428
813193	0.9905678629875183
1090395	0.02589457668364048
1090400	0.17908352613449097
1090456	0.012956737540662289
1090458	0.09080862253904343
566174	0.3105122745037079
1090472	0.07057376205921173
1090530	0.001809476176276803
1090540	0.007234280928969383
41969	0.48635566234588623
1090613	0.05741605535149574
566335	0.09451964497566223
1090624	0.9965597987174988
909221	0.03297535702586174
1090700	0.0016311334911733866
1090701	0.00203138729557395
828596	0.00300514861010015
1090742	0.08919483423233032
1090758	0.040306150913238525
1090791	0.0010889024706557393
1090808	0.9954173564910889
1011925	0.012452010065317154
1090833	0.4863473176956177
1090838	0.24425825476646423
1090839	0.3845524191856384
1090841	0.0034637609496712685
1090842	0.23135881125926971
1090861	0.3773537874221802
1090869	0.3645536005496979
1090877	0.007556325756013393
1090886	0.023366780951619148
1090910	0.1510990858078003
828779	0.001384879695251584
1090924	0.0018632715800777078
837181	0.006758878007531166
42361	0.05742505565285683
1090945	0.22014158964157104
1090965	0.49479395151138306
1090987	0.037430405616760254
1091015	0.14069676399230957
1091048	0.18187281489372253
1091059	0.001220631878823042
1091068	0.002794358180835843
1091108	0.28907424211502075
1091112	0.2697289288043976
1091115	0.00788940116763115
1091116	0.002449851715937257
42568	0.30465930700302124
400311	0.17188334465026855
1091153	0.07860756665468216
1091164	0.30747541785240173
829025	0.45409485697746277
1091173	0.32614484429359436
1091177	0.0012088011717423797
1091194	0.9985925555229187
566946	0.0014017131179571152
1091246	0.006762380246073008
829103	0.0018211692804470658
1091255	0.011920665390789509
1091330	0.001513381372205913
1091340	0.005334542598575354
1091421	0.28797847032546997
567159	0.019673310220241547
1091450	0.45457637310028076
1091467	0.051514893770217896
1091471	0.1623469442129135
1091473	0.20751705765724182
1091479	0.49951350688934326
1091513	0.03260654956102371
1091520	0.31609809398651123
1091522	0.46543094515800476
1091529	0.9974406957626343
1091535	0.191389262676239
829425	0.009369843639433384
1099433	0.032376546412706375
1091576	0.08487937599420547
1091595	0.10326555371284485
1091630	0.004644529893994331
1091643	0.21572060883045197
1091654	0.9985003471374512
1091659	0.014672648161649704
1091661	0.02993396483361721
1091665	0.9990379810333252
1091667	0.41992875933647156
1091681	0.018689816817641258
1091688	0.010497329756617546
1091715	0.269316703081131
1091719	0.24961672723293304
567443	0.436799019575119
567452	0.006976931821554899
1091749	0.20926494896411896
305333	0.002457384020090103
1091767	0.2972542941570282
1091786	0.1141914650797844
305361	0.05326993390917778
1091807	0.032629434019327164
1091811	0.35207220911979675
1091833	0.0017766004893928766
1091865	0.06182212755084038
567630	0.15211059153079987
1091923	0.9986469149589539
1091941	0.0723404586315155
1091955	0.2832706570625305
1091983	0.5398451685905457
1092005	0.13850294053554535
1092007	0.008782590739428997
1092010	0.005869605112820864
1092013	0.3208443224430084
1092023	0.46819260716438293
1092042	0.06418408453464508
837375	0.0014347633114084601
1092093	0.21939586102962494
1092095	0.00227688648737967
1092105	0.4946676194667816
1092108	0.06987500935792923
1092120	0.0027713768649846315
1092143	0.0013492382131516933
1092159	0.14998194575309753
1092161	0.41099900007247925
1092162	0.21116903424263
1092165	0.0499277301132679
1092168	0.9990589022636414
1092176	0.003345449920743704
1092180	0.0054984502494335175
567895	0.002742699347436428
1092203	0.375528484582901
1092236	0.19979563355445862
1092237	0.03059634380042553
1092238	0.41749414801597595
1092257	0.33058667182922363
1092258	0.10578092187643051
1092259	0.04285870119929314
1092263	0.08728349953889847
1092297	0.0019079236080870032
1092311	0.016062181442975998
1092327	0.010800439864397049
1092330	0.20691098272800446
1092342	0.07152874767780304
1092348	0.05813615396618843
43781	0.04599818214774132
1092391	0.3179769217967987
1092394	0.0010928482515737414
1092416	0.005567215848714113
1092417	0.003765564179047942
1092470	0.4742752015590668
1092474	0.99905925989151
1092482	0.18533213436603546
1092484	0.21749183535575867
1092522	0.2420128881931305
1092528	0.9959391355514526
1092543	0.019743075594305992
1092551	0.09281062334775925
1092557	0.08343738317489624
1092605	0.07204897701740265
924844	0.037716563791036606
1092643	0.07811564952135086
44072	0.9990652203559875
1092665	0.003525729523971677
830551	0.14167727530002594
1092715	0.5081160068511963
1092724	0.09920551627874374
1092738	0.007150211371481419
1092751	0.25223931670188904
1092756	0.9990599751472473
1092757	0.004619938787072897
1092759	0.572127640247345
1092791	0.14371328055858612
1092792	0.05128857120871544
1092796	0.30979639291763306
568526	0.13828741014003754
1092822	0.003934511914849281
1092832	0.006580345332622528
1092858	0.006768522784113884
1092863	0.18001936376094818
1092865	0.0019906735979020596
1092870	0.0214498620480299
568585	0.014922930859029293
1092910	0.34740176796913147
1092911	0.09203969687223434
1092919	0.02531478926539421
568649	0.010181909427046776
1092942	0.002314311219379306
1092952	0.031601276248693466
1092972	0.00846258644014597
1092978	0.10435770452022552
1092984	0.0010667715687304735
568703	0.011380004696547985
1092996	0.0011044307611882687
1093006	0.11710665374994278
1093031	0.2730692923069
1093038	0.034751929342746735
1093042	0.1515810489654541
1093064	0.9947144389152527
1093094	0.016538534313440323
1093096	0.0011308796238154173
1093104	0.0013430567923933268
1093107	0.5033681988716125
1093112	0.9944486618041992
1093128	0.001209447393193841
1093172	0.9985514283180237
1093179	0.07270026952028275
1093181	0.13795241713523865
831052	0.0025932956486940384
1093200	0.34272390604019165
1093202	0.030678268522024155
1093235	0.0015462671872228384
1093238	0.9990189075469971
1093255	0.0015891343355178833
1093256	0.10653996467590332
1093305	0.11350037902593613
1093312	0.0046461196616292
1093359	0.0027906480245292187
1093399	0.0604788139462471
1093405	0.3155857026576996
1093406	0.45876842737197876
1093407	0.1081499457359314
1093410	0.269326776266098
1093419	0.17089153826236725
307005	0.0018651570426300168
1093438	0.23524726927280426
1093443	0.4626767039299011
1093444	0.12725085020065308
831315	0.0015201987698674202
1093462	0.004054139833897352
1093481	0.1847120076417923
206762	0.012522746808826923
1093534	0.11638117581605911
1093540	0.0010803553741425276
1093552	0.07048208266496658
1093556	0.05022118240594864
1093561	0.004050065763294697
1093564	0.004413783084601164
1093570	0.01972188428044319
1099767	0.001262557227164507
1093621	0.11346220970153809
1093637	0.0029002479277551174
1093650	0.9990605711936951
1093682	0.9989581108093262
1093698	0.007265690714120865
45125	0.10327630490064621
831560	0.03622821345925331
1093717	0.033685676753520966
1093723	0.0036266944371163845
1093732	0.9982284903526306
831601	0.06209597736597061
1093750	0.0016648259479552507
1093757	0.31499534845352173
1093773	0.20440490543842316
1093781	0.011356648989021778
1093786	0.06794063001871109
1093791	0.4686472713947296
1093795	0.9974930286407471
569555	0.0019151042215526104
1093845	0.37881308794021606
1012431	0.0017757854657247663
1093855	0.9419142007827759
1093866	0.4193430542945862
1093875	0.0238264761865139
1093881	0.35386165976524353
1093901	0.4538770318031311
1093915	0.2948981821537018
1093920	0.419712096452713
307492	0.9990556836128235
1093926	0.001275344518944621
1093927	0.3173455595970154
1093941	0.4995495676994324
307521	0.005008936394006014
1093959	0.3723140358924866
1093962	0.18121778964996338
1093966	0.25165054202079773
1093971	0.9990658164024353
569689	0.0014143208973109722
1093998	0.005682939663529396
94953	0.379287451505661
831871	0.06530053913593292
1094027	0.18688496947288513
1094056	0.0178865697234869
1094062	0.012513069435954094
1056159	0.12319177389144897
1094081	0.99898761510849
1094085	0.006772316060960293
51276	0.22939731180667877
831962	0.13957378268241882
1094110	0.5060392022132874
1094141	0.01635080762207508
1094145	0.3798210024833679
45590	0.0015134793939068913
1094175	0.12627959251403809
1094197	0.13449417054653168
1094204	0.13192085921764374
1094215	0.3407404124736786
1094220	0.14674240350723267
569939	0.003455580212175846
1094232	0.25796642899513245
1094241	0.0030065076425671577
1094271	0.1510283499956131
1094275	0.04160171002149582
1094316	0.3095579743385315
832188	0.12411971390247345
570070	0.0017003541579470038
1094364	0.006700986996293068
1094369	0.0021496089175343513
1094370	0.25734105706214905
1094394	0.08844903111457825
1094406	0.6834143996238708
1094440	0.47336697578430176
1094451	0.0484020821750164
1094453	0.024307603016495705
1094460	0.0095622343942523
1094469	0.14690352976322174
1094477	0.0025171644520014524
45924	0.03514043986797333
1094501	0.2997375726699829
1094509	0.40113914012908936
1094519	0.006370360963046551
1094536	0.022667529061436653
1094566	0.010797103866934776
1094578	0.0018250967841595411
1094579	0.03267953172326088
1094612	0.5325759649276733
1094634	0.9890971183776855
46095	0.0014510625042021275
1094689	0.37947070598602295
1094691	0.2785377502441406
1094693	0.21466265618801117
1094699	0.23922695219516754
1094724	0.009510677307844162
1094755	0.181818425655365
1094759	0.08443956077098846
1094825	0.0044232262298464775
1094840	0.002707365434616804
1094869	0.0064801969565451145
1094943	0.002671825233846903
1094959	0.012357644736766815
1094962	0.20146845281124115
1094982	0.08397676795721054
1094991	0.9126397967338562
1094999	0.044851161539554596
1095012	0.4081553518772125
570725	0.18674461543560028
1095055	0.0014227870851755142
1095058	0.0016254623187705874
1095066	0.0016988040879368782
1095085	0.0018013761145994067
1095092	0.2644783556461334
1095108	0.32869699597358704
308687	0.006404998246580362
1095155	0.1344335377216339
570905	0.021975668147206306
1095233	0.9572469592094421
1095238	0.03555737063288689
570979	0.19244402647018433
1095278	0.3562559485435486
46711	0.03464433550834656
1095306	0.08502057194709778
1095308	0.001852513523772359
1095332	0.3175444006919861
1095335	0.1240418329834938
1095354	0.001338538946583867
1095357	0.0014444937696680427
1095360	0.9847245216369629
1095371	0.006313808728009462
1095377	0.0014393184101209044
571103	0.0012649345444515347
1095437	0.27472051978111267
1095469	0.0014094621874392033
1095478	0.1864323765039444
1095490	0.0038405132945626974
1095495	0.0922258198261261
1095523	0.07307647913694382
1095537	0.0037675341591238976
1056405	0.001174425007775426
1095555	0.004398886580020189
1095557	0.0021015971433371305
1095558	0.2457655370235443
1095560	0.0014869148144498467
1095566	0.021887538954615593
1095571	0.006110896356403828
1095631	0.007030910812318325
1095633	0.021807918325066566
1095641	0.0011662546312436461
1095650	0.0015095830895006657
1095654	0.0024197774473577738
1095687	0.0013577498029917479
1095699	0.09991049021482468
1095704	0.00316638988442719
1095705	0.006462234538048506
1095711	0.001133242971263826
1095716	0.0019344203174114227
1095723	0.001111106015741825
1095725	0.0034127887338399887
1095747	0.009172621183097363
1095749	0.08353862911462784
571474	0.997368574142456
1095787	0.4573914706707001
1095798	0.07912825047969818
1095806	0.016697468236088753
1095807	0.479377418756485
1095816	0.027070263400673866
1095845	0.014398540370166302
47270	0.004630726762115955
1095856	0.29360100626945496
1095857	0.31021782755851746
1095864	0.20444029569625854
1095868	0.9588941931724548
1095874	0.002275567501783371
1095876	0.01460389606654644
1095881	0.4938388764858246
1095921	0.0019912791904062033
1095922	0.0053023723885416985
1095928	0.001663679606281221
1095942	0.0071376534178853035
1095955	0.30619725584983826
1095966	0.006789002567529678
1095971	0.20697428286075592
1095982	0.01904311031103134
571696	0.003235603217035532
1095988	0.002794012427330017
1095994	0.0012486516498029232
95286	0.15911272168159485
1096006	0.0017594032688066363
1096021	0.002216080669313669
1096025	0.001489840797148645
1096044	0.0015086641069501638
1096045	0.17861120402812958
1096049	0.016391150653362274
1096065	0.0014231116510927677
1096087	0.0018627723911777139
1096118	0.011183503083884716
1096126	0.00429260591045022
1096180	0.08838474750518799
1096207	0.002330595627427101
1096211	0.002644238295033574
1096227	0.007202842738479376
571954	0.2983681857585907
1096252	0.0026239079888910055
1096256	0.2831619679927826
1096258	0.14938472211360931
1096262	0.001893040258437395
1096268	0.0012134468415752053
47716	0.12059441208839417
1096311	0.013259181752800941
1096347	0.30703020095825195
1096357	0.06951526552438736
1096360	0.6985620260238647
1096368	0.009526745416224003
1096371	0.02366045117378235
1096375	0.0018221272621303797
1096376	0.03096591867506504
1096401	0.001423440407961607
1096425	0.02178613469004631
1096429	0.05818063020706177
1096431	0.0015155518194660544
1096454	0.005494363140314817
1096457	0.0024366932921111584
1096463	0.0012932855170220137
1096475	0.0017575158271938562
1096476	0.002937051234766841
1096479	0.4828779697418213
1096493	0.0023462455719709396
1096498	0.001143404864706099
1096509	0.0030776059720665216
1096516	0.0010601994581520557
1096527	0.010243741795420647
1096532	0.003947498742491007
1096533	0.0044106971472501755
1096541	0.16898120939731598
1096543	0.2448749840259552
1096551	0.010159529745578766
572286	0.0013522710651159286
1096605	0.03268596902489662
1096607	0.002442036522552371
1096610	0.0023014915641397238
1096619	0.1113031879067421
1096620	0.0017711569089442492
1096628	0.9989581108093262
1096641	0.006635348778218031
1096656	0.0025975333992391825
1096658	0.004024642985314131
1096694	0.03174391761422157
1096712	0.01653893105685711
1096739	0.0025002704933285713
1096776	0.05973537266254425
1096787	0.35256919264793396
1096788	0.24648180603981018
1096794	0.3727354407310486
1096823	0.08042668551206589
1096827	0.0017839352367445827
1096830	0.004159462172538042
1096840	0.2260858565568924
1096850	0.35440894961357117
1096855	0.104151152074337
1096866	0.0013512657023966312
1096870	0.25646212697029114
1096886	0.0015279584331437945
1096887	0.0026776001323014498
1096911	0.014554819092154503
1096932	0.5512913465499878
1096943	0.004143704194575548
1096944	0.08707845956087112
1096945	0.9989182949066162
1096947	0.004426946863532066
1096958	0.31990906596183777
1096964	0.9989494681358337
1096983	0.12754729390144348
1096998	0.018765171989798546
1097014	0.3574828505516052
1097023	0.02574208751320839
1097027	0.024638377130031586
1097069	0.007787747774273157
1097087	0.0019971318542957306
1097093	0.04165825620293617
1097100	0.14303508400917053
1097118	0.003080883529037237
1097119	0.007378594018518925
1097135	0.12136181443929672
1097153	0.003394527593627572
1097154	0.0015346462605521083
1097195	0.2510400414466858
1097198	0.4642737805843353
313940	0.0012483448954299092
1097213	0.0016213128110393882
1097223	0.0027421775739639997
1097242	0.5216477513313293
310853	0.0015933538088575006
1097294	0.02257295697927475
1097298	0.10816347599029541
1097304	0.0026250528171658516
1097314	0.6396246552467346
1097317	0.28691259026527405
835206	0.4296104609966278
1097359	0.024127405136823654
1097373	0.06457941979169846
310948	0.010033642873167992
1097386	0.003929730970412493
1097438	0.0037868947256356478
573157	0.034201085567474365
1097448	0.03799445927143097
1097449	0.021495886147022247
1097461	0.14854837954044342
1097469	0.11753782629966736
1097492	0.013919791206717491
311067	0.005913726054131985
1097508	0.019215036183595657
1097523	0.07007460296154022
1097537	0.3748002350330353
1056742	0.002497320529073477
48998	0.03514585644006729
1097585	0.41452884674072266
1097602	0.034547872841358185
835478	0.0011704949429258704
1097674	0.010688320733606815
1097721	0.09405626356601715
573452	0.009364202618598938
1097746	0.11416181176900864
1097786	0.003900100477039814
1097796	0.0036278660409152508
49234	0.9969821572303772
1005907	0.0013549356954172254
1097894	0.006072166841477156
1097905	0.2856117784976959
1097906	0.0014178453711792827
1097909	0.00905851274728775
1097937	0.009845728054642677
1097979	0.0016537910560145974
1097995	0.004063507542014122
1097999	0.006173636298626661
1098010	0.4279601275920868
49435	0.06271835416555405
1098013	0.21056188642978668
1098044	0.002161103067919612
1098048	0.008917534723877907
1098071	0.006575633771717548
1098090	0.0036185188218951225
1098101	0.012084482237696648
1098102	0.0045943716540932655
1098110	0.010976641438901424
1098111	0.026148075237870216
1098169	0.001186265959404409
1098180	0.0015348750166594982
1098182	0.042171329259872437
1098222	0.020036475732922554
1098226	0.003200850449502468
1098236	0.15435516834259033
573954	0.029930612072348595
1098249	0.0020570869091898203
1098276	0.014335601590573788
1098284	0.39792758226394653
574002	0.0020120523404330015
1098322	0.0017789012053981423
1098338	0.0026966584846377373
1098354	0.008418027311563492
1098355	0.0022882954217493534
1098422	0.001966305775567889
1098440	0.006206057500094175
1098452	0.002866098191589117
1098481	0.3882274031639099
1098497	0.0022766112815588713
1098510	0.002733613597229123
1098520	0.005227013491094112
1098523	0.0020415724720805883
1098536	0.3617280423641205
1098556	0.0019809750374406576
1098561	0.002246427582576871
1098570	0.0015193730359897017
1098600	0.0037253047339618206
1098608	0.009449603036046028
1098609	0.02482803910970688
1098641	0.2723245322704315
1098646	0.1264738142490387
1098698	0.0036077452823519707
1098719	0.0015549400122836232
1098725	0.00134521524887532
1098763	0.002900250954553485
1098765	0.003057973925024271
836640	0.001994119491428137
1098787	0.006796723697334528
312368	0.8167537450790405
1098802	0.0020953714847564697
1098804	0.013543732464313507
1098809	0.2527981400489807
574547	0.003911416977643967
1098846	0.010287344455718994
574569	0.002630912931635976
1098860	0.1961592733860016
1098874	0.0014110476477071643
1098895	0.005300791002810001
1098905	0.16386868059635162
1098909	0.0965791642665863
1098927	0.026128817349672318
1098967	0.0015809994656592607
836832	0.0018689458956941962
1099050	0.002902238629758358
1099065	0.21934936940670013
1099072	0.018058201298117638
1099084	0.0010979070793837309
1099099	0.0012368365423753858
1099108	0.02110324427485466
1099178	0.00112454267218709
1099189	0.0452091284096241
1099217	0.0011620745062828064
1099219	0.0025070724077522755
1099226	0.059072647243738174
574944	0.40214288234710693
1099244	0.010674147866666317
1099284	0.0025457357987761497
1099288	0.47301211953163147
1099290	0.44471240043640137
1099321	0.12569810450077057
1099340	0.004546481184661388
1099342	0.1632525622844696
837202	0.0185762457549572
1099351	0.0013367744395509362
1099368	0.005081241950392723
575096	0.03360874205827713
1099391	0.0076058548875153065
575146	0.0024240862112492323
1099451	0.22658798098564148
1099452	0.0014140616403892636
1099456	0.01022445596754551
50891	0.26404836773872375
1099482	0.026262279599905014
1099488	0.0014258300652727485
1099530	0.21551023423671722
575268	0.06112673878669739
1099595	0.1502290964126587
837476	0.008402391336858273
1099626	0.08410431444644928
1099632	0.026141835376620293
1099636	0.002319781808182597
1099653	0.001712689409032464
1099656	0.2896178066730499
1099670	0.007885949686169624
575407	0.0014113755896687508
1099700	0.002405924955382943
1099706	0.03957492858171463
1099729	0.24004453420639038
1099733	0.483365535736084
1099739	0.019832497462630272
1099756	0.36745673418045044
1099761	0.31576016545295715
575492	0.009369618259370327
1099805	0.2739611566066742
1099806	0.32651934027671814
1099816	0.0025112065486609936
1099834	0.2352171093225479
1099836	0.12307105958461761
1099855	0.9987185001373291
1099859	0.16146427392959595
1099865	0.08592145889997482
1099880	0.12512002885341644
1099888	0.09634920209646225
1099903	0.157649427652359
1099911	0.1397867649793625
1099914	0.01427483931183815
1099943	0.001527542481198907
1099947	0.007497803773730993
1099955	0.0014040940441191196
1099980	0.02350592240691185
1099981	0.2600318193435669
1099985	0.4335137903690338
1099998	0.46428245306015015
1100010	0.4294682741165161
1100035	0.14960117638111115
1100051	0.012019625864923
1100064	0.03439103439450264
1100070	0.20001493394374847
1100077	0.44192585349082947
1100094	0.48755764961242676
1100105	0.3583202064037323
1100106	0.022638889029622078
1100119	0.34684616327285767
1100137	0.18525338172912598
1100138	0.5061731338500977
1100143	0.13740196824073792
1100151	0.0073082661256194115
1100167	0.255244642496109
1100168	0.11625105142593384
1100173	0.00939570926129818
1100187	0.9986023306846619
1100188	0.0029433653689920902
1100190	0.07060135900974274
1100192	0.007743825204670429
1100218	0.008978378027677536
1100224	0.6049821972846985
1100226	0.0013964183162897825
1100229	0.07770341634750366
838101	0.501878023147583
1100299	0.17558656632900238
1100308	0.3470994532108307
1100319	0.41619548201560974
1100357	0.3435055613517761
1100370	0.9984670281410217
1100403	0.9980844259262085
1100415	0.12151435017585754
1100438	0.3738066852092743
1100454	0.0015076574636623263
1100455	0.002411898458376527
1100457	0.01313638873398304
1100458	0.9595909714698792
576195	0.003969550598412752
1100486	0.028053639456629753
1100488	0.02627423405647278
1100492	0.0036989704240113497
1100496	0.04640987887978554
1100499	0.0181293748319149
1100505	0.22092066705226898
1100533	0.009215828031301498
1100537	0.006109407637268305
1100541	0.19759471714496613
1100544	0.33088457584381104
1100580	0.19022464752197266
576312	0.005302179139107466
1100634	0.024776944890618324
1100640	0.006875538267195225
1100661	0.0015760693931952119
1100687	0.002388595137745142
1100724	0.021862786263227463
1100732	0.3874584138393402
314307	0.0014539146795868874
576452	0.054576773196458817
1100765	0.36589211225509644
1100772	0.23176126182079315
1100816	0.0031318541150540113
1100839	0.1051776334643364
1100852	0.005434682592749596
1100855	0.29779744148254395
1100875	0.00424949312582612
1100919	0.41325944662094116
1100930	0.9385051727294922
1100933	0.15091681480407715
1100980	0.006529798731207848
838845	0.4570813775062561
1101018	0.00578011479228735
1101044	0.19597332179546356
1101048	0.002512893872335553
1101055	0.002096509328112006
1101088	0.11035923659801483
1101090	0.9978702068328857
1101121	0.30110618472099304
1101171	0.14090155065059662
1101172	0.49212539196014404
1101173	0.2591237723827362
1101211	0.3802282512187958
1101214	0.005648075137287378
1101228	0.47367778420448303
1101236	0.08085063099861145
1101259	0.14610905945301056
1101276	0.33278515934944153
1101278	0.13481248915195465
1101279	0.0031728516332805157
1101296	0.416971355676651
1101300	0.001825886545702815
1101336	0.20054906606674194
1101341	0.0040998803451657295
1101347	0.0031734926160424948
8798	0.001644056523218751
1101374	0.0013322465820237994
1101394	0.18655113875865936
577131	0.0010736442636698484
445714	0.0010477732867002487
1101434	0.4489307999610901
1101448	0.0051904707215726376
577167	0.332540899515152
1101466	0.15157684683799744
1101467	0.11918342113494873
1101503	0.01954367570579052
1101535	0.006102587096393108
1101552	0.4424516558647156
315131	0.0013267126632854342
1101566	0.013288327492773533
1101567	0.26053762435913086
1101568	0.10284385830163956
1101576	0.08751416951417923
1101603	0.08992490917444229
1101661	0.00259516853839159
1101665	0.002372915390878916
1101668	0.43701574206352234
1101670	0.9990566372871399
1101674	0.03503280133008957
1101706	0.3984393775463104
1101714	0.0019559527281671762
315291	0.0016427203081548214
1101739	0.013490436598658562
1101761	0.3695743680000305
1101131	0.21736204624176025
53191	0.005740807857364416
1101784	0.4054204523563385
1101806	0.008261457085609436
576851	0.1958843469619751
1101822	0.020735496655106544
1101861	0.07885151356458664
1101869	0.10596281290054321
1101870	0.19782571494579315
1101902	0.019105030223727226
1101906	0.007811238057911396
1101961	0.08679986745119095
1101977	0.33362194895744324
1101995	0.0016914657317101955
1102001	0.054921288043260574
839878	0.4263763129711151
1102028	0.037290308624506
1102088	0.25939229130744934
577813	0.012020900845527649
1102121	0.26539838314056396
1102163	0.2688823938369751
840053	0.5769082903862
1102206	0.07204495370388031
577930	0.09071460366249084
1102235	0.433768630027771
1102240	0.022270813584327698
1102262	0.031039290130138397
1102300	0.30562224984169006
315884	0.0026910179294645786
1102325	0.010679244063794613
1102330	0.324210524559021
1102335	0.0022815417032688856
53814	0.09554333239793777
1102393	0.0027507960330694914
1102400	0.14986267685890198
53897	0.016229871660470963
708038	0.0016578456852585077
53991	0.004620506893843412
840445	0.0456392727792263
1101271	0.7342513203620911
839128	0.0032151604536920786
54040	0.001773189753293991
1092930	0.12075794488191605
578362	0.009704223833978176
1101282	0.4520297944545746
840532	0.45519113540649414
1101298	0.2588607370853424
54199	0.0020476854406297207
1101303	0.11013983935117722
54235	0.06237919256091118
571237	0.0023437566123902798
54307	0.005195148754864931
314907	0.0011547821341082454
578735	0.0028275884687900543
578783	0.0016862802440300584
574730	0.004095469135791063
54531	0.07162249833345413
54544	0.00924745760858059
841020	0.0010938679333776236
1101365	0.2318490892648697
54648	0.0021733357571065426
795540	0.001098849344998598
316803	0.008956901729106903
841165	0.002533764811232686
54819	0.36190760135650635
54843	0.04604363068938255
579133	0.017499428242444992
882982	0.0015948989894241095
1101443	0.06380169093608856
841521	0.006518539506942034
227637	0.8839948177337646
579479	0.0012783933198079467
55223	0.1134294867515564
841665	0.1228322982788086
1014131	0.010981866158545017
841919	0.006530324462801218
841961	0.004271971061825752
841980	0.0060134148225188255
489858	0.05043816566467285
842070	0.001984907314181328
842108	0.0016105497488752007
55682	0.0016562292585149407
55691	0.3837941288948059
140367	0.08434449881315231
842221	0.003919515758752823
842223	0.14806899428367615
842272	0.3587263226509094
55848	0.0074877431616187096
842333	0.0047929733991622925
318073	0.0011993455700576305
580313	0.35672444105148315
56033	0.20935983955860138
580411	0.002040947787463665
580450	0.48355311155319214
842596	0.01269361563026905
56188	0.012263810262084007
580483	0.17832084000110626
988253	0.15246368944644928
839528	0.9982781410217285
53109	0.0021268862765282393
1101698	0.04477708786725998
843140	0.014928651973605156
1101721	0.006985652260482311
1101723	0.005811619572341442
56740	0.011874642223119736
953355	0.19367055594921112
36388	0.03370703011751175
843409	0.10973919183015823
56993	0.010748119093477726
795951	0.14266663789749146
577511	0.30108192563056946
581521	0.03600713238120079
57258	0.012777682393789291
581552	0.1487686038017273
581666	0.031270831823349
319564	0.0021856832318007946
1101845	0.10736013203859329
319652	0.0032139169052243233
581801	0.01348361000418663
1101868	0.4528253674507141
57614	0.12809279561042786
1101871	0.9990131855010986
581975	0.0011986963218078017
844128	0.001318085240200162
796056	0.1938200742006302
970830	0.0012387029128149152
604229	0.06368496268987656
582146	0.0010978569043800235
792977	0.17598071694374084
320025	0.002114278497174382
57882	0.0039575663395226
320051	0.027370236814022064
844390	0.0015832530334591866
320117	0.0015161869814619422
58074	0.03419392928481102
58130	0.0432254783809185
844594	0.0019323204178363085
320320	0.013329154811799526
1058284	0.021262619644403458
582557	0.003343519987538457
582641	0.4488869309425354
752473	0.9243769645690918
58409	0.003393396735191345
582705	0.03730687126517296
58551	0.9461805820465088
582848	0.003369114128872752
58571	0.003500463208183646
58583	0.010744214989244938
1093082	0.480175256729126
320792	0.0019493965664878488
58801	0.4616658091545105
320970	0.002225992502644658
1014697	0.2575083374977112
845304	0.9978830218315125
583234	0.11202476173639297
59030	0.23555390536785126
583325	0.002404584316536784
583369	0.0036033084616065025
59084	0.21330386400222778
321239	0.0034481037873774767
845529	0.004689211491495371
1086279	0.001421604072675109
59190	0.032885435968637466
59204	0.10180766880512238
59217	0.008076819591224194
845719	0.37040194869041443
583611	0.0013805058551952243
845790	0.5311421155929565
59392	0.09874774515628815
583686	0.011250617913901806
59426	0.0285350289195776
845888	0.35982388257980347
845892	0.44663912057876587
1102177	0.4428187608718872
583766	0.005019813310354948
583798	0.002628888236358762
9926	0.28754332661628723
583916	0.005381631199270487
840061	0.05939476564526558
846082	0.16813655197620392
59654	0.04200255870819092
307504	0.45340296626091003
1084389	0.057104069739580154
321918	0.43780580163002014
321951	0.3655187785625458
846291	0.018849309533834457
1014885	0.36808961629867554
846438	0.11111878603696823
1049484	0.005750213749706745
322211	0.004109987989068031
846513	0.01879711262881756
322345	0.0015943129546940327
584500	0.013284046202898026
584569	0.03238268569111824
584592	0.0033774101175367832
60339	0.2881059944629669
60357	0.025488168001174927
846806	0.029456572607159615
584695	0.005169604439288378
1093142	0.0017620542785152793
1102351	0.4938663840293884
584905	0.4448063373565674
60677	0.05653921887278557
141185	0.07108458131551743
578100	0.5080127716064453
53813	0.056288182735443115
1058717	0.029881268739700317
585165	0.0041310107335448265
10157	0.15590578317642212
323096	0.004319547675549984
323154	0.035763490945100784
585344	0.001991979544982314
585378	0.004368495661765337
61180	0.4620128273963928
323382	0.0014705936191603541
61277	0.011529138311743736
847722	0.027308933436870575
847726	0.001213044743053615
323535	0.5324923396110535
585680	0.3405143618583679
323555	0.001792721450328827
61452	0.0019040982006117702
585743	0.0015795541694387794
585806	0.006722673773765564
1005888	0.09035544842481613
61531	0.205206036567688
61623	0.34983959794044495
1058853	0.0017841961234807968
848100	0.006205037236213684
323815	0.08781837671995163
61836	0.11302772164344788
323998	0.020889628678560257
61882	0.0023938240483403206
586268	0.0023639099672436714
848432	0.967793345451355
324159	0.0026362913195043802
848478	0.1842607706785202
1093196	0.007741931360214949
62055	0.0490911528468132
62136	0.11476296186447144
62411	0.9976890087127686
62439	0.13307133316993713
586740	0.013697676360607147
586785	0.21645548939704895
324645	0.0011808628914877772
586790	0.08512567728757858
62554	0.03848196193575859
586916	0.01627395674586296
62648	0.2835526764392853
849142	0.6068759560585022
272605	0.005998285487294197
849337	0.05929514020681381
927989	0.006150784902274609
587326	0.0014598220586776733
849561	0.0022548758424818516
325292	0.0011779716005548835
63152	0.008406098000705242
587524	0.04409707337617874
199442	0.016240356490015984
587674	0.0015982236946001649
403793	0.18963433802127838
97972	0.0019416005816310644
63548	0.1523008495569229
587853	0.02197219990193844
176701	0.8037021160125732
578607	0.08533791452646255
325929	0.002964087063446641
850236	0.06015527620911598
185397	0.01818482205271721
588122	0.1166982501745224
51054	0.6076685786247253
850450	0.0019306549802422523
326190	0.09514525532722473
850555	0.0025887624360620975
850557	0.0010998474899679422
64179	0.0017372607253491879
971904	0.0026403528172522783
326410	0.0035667410120368004
326417	0.0029538609087467194
588627	0.40734994411468506
326509	0.02088695392012596
850820	0.005354707594960928
753479	0.0014300436014309525
447648	0.031362637877464294
326629	0.010644995607435703
588829	0.008189222775399685
851004	0.2555406093597412
326719	0.0016937764594331384
64711	0.00678345188498497
64960	0.2796664535999298
851425	0.00367525452747941
65000	0.37991249561309814
65038	0.29041409492492676
851490	0.38510286808013916
589423	0.024284586310386658
489257	0.0012627850519493222
65267	0.2532822787761688
589564	0.0038581974804401398
851813	0.008657677099108696
65488	0.35094472765922546
589777	0.004927251487970352
327640	0.0038414946757256985
65583	0.09195658564567566
65584	0.9974995255470276
852037	0.16095423698425293
327750	0.001354317762888968
589903	0.3619326651096344
65627	0.21708771586418152
852179	0.02672194503247738
65770	0.40783849358558655
1093322	0.26480919122695923
328072	0.0014326791279017925
65957	0.10156601667404175
271038	0.00761847710236907
66161	0.5045725107192993
66281	0.0016366661293432117
328474	0.0012028053170070052
328527	0.003735798178240657
66389	0.3715774714946747
1058425	0.016079477965831757
328611	0.0032784969080239534
328629	0.1421118974685669
328704	0.007072241976857185
590861	0.285968154668808
1093349	0.0010593857150524855
590945	0.1528444141149521
328814	0.024050015956163406
591026	0.0034717759117484093
66771	0.0030148003716021776
66908	0.06419196724891663
853344	0.0014933967031538486
329114	0.001899072783999145
1091569	0.0010799149749800563
591310	0.007821914739906788
853471	0.015235615894198418
203003	0.052152931690216064
67200	0.10688313096761703
853646	0.00194335519336164
329369	0.044638920575380325
853699	0.5581920146942139
1102099	0.48839420080184937
329515	0.09317536652088165
853882	0.023534420877695084
1059820	0.0011459090746939182
853995	0.0034695344511419535
591898	0.0034587967675179243
591940	0.0027225473895668983
854085	0.8781828284263611
591993	0.021659348160028458
28442	0.001343844342045486
329901	0.38701438903808594
67802	0.014133140444755554
329958	0.3351009786128998
592192	0.02396988309919834
592220	0.3652535676956177
592235	0.0026978820096701384
672429	0.001064837328158319
68095	0.009451416321098804
220495	0.02581142634153366
592495	0.006467986386269331
330419	0.001051326864399016
330450	0.8964846134185791
592601	0.06742679327726364
854785	0.004504069685935974
1016281	0.059572312980890274
592672	0.04465583339333534
330560	0.19453489780426025
854862	0.9843196272850037
330640	0.0011982242576777935
1049767	0.20583993196487427
987720	0.011338027194142342
855031	0.9988595247268677
613318	0.15798456966876984
330792	0.194607213139534
68832	0.08680126816034317
593135	0.0012563361087813973
593275	0.007702484726905823
331141	0.0012701910454779863
855546	0.12023302167654037
331352	0.018518000841140747
593541	0.19545286893844604
855725	0.002829483477398753
855727	0.062752865254879
593732	0.0021496526896953583
593792	0.0018439025152474642
69506	0.09566614776849747
855968	0.24945563077926636
856171	0.11889888346195221
230082	0.16159553825855255
69789	0.024954520165920258
69871	0.017290208488702774
594295	0.00940540712326765
856568	0.2122134119272232
70340	0.014702548272907734
332600	0.007287351880222559
70504	0.02319447696208954
594793	0.06321179866790771
594831	0.009490682743489742
70595	0.15389151871204376
594930	0.4276702404022217
332797	0.002073934068903327
70709	0.004266463685780764
70720	0.034157391637563705
70787	0.4070585072040558
70852	0.19601991772651672
1093491	0.0012528611114248633
333327	0.13296127319335938
71238	0.008075887337327003
988754	0.050571687519550323
595568	0.0050592971965670586
595577	0.07417071610689163
333434	0.0016244009602814913
831474	0.019935863092541695
333486	0.374822199344635
1093507	0.14485932886600494
333579	0.12857359647750854
1049867	0.0014154816744849086
333700	0.0014995940728113055
596088	0.001658626482822001
596130	0.07055412977933884
1016869	0.19652654230594635
878615	0.0011293982388451695
596468	0.0478750504553318
334433	0.17339473962783813
72398	0.0012383105931803584
334558	0.0013029123656451702
596716	0.002245855750516057
72435	0.9972140192985535
99461	0.0333741158246994
72485	0.3201459050178528
334754	0.9990602135658264
72613	0.17562831938266754
788035	0.2727038860321045
334867	0.9985041618347168
334904	0.9941791296005249
334916	0.0035117336083203554
859229	0.9989243149757385
859274	0.355802446603775
859376	0.14769527316093445
73094	0.00807194970548153
597384	0.09613332897424698
73106	0.9990344047546387
597395	0.057973865419626236
73119	0.006164193153381348
46081	0.00542190857231617
859669	0.008250080980360508
73257	0.0036750154104083776
859870	0.0012086229398846626
335710	0.9990517497062683
335711	0.3896602690219879
597870	0.026843814179301262
860071	0.0953599289059639
335910	0.9958730340003967
99676	0.06117817014455795
73788	0.07503761351108551
860266	0.20915675163269043
73853	0.3536887764930725
860462	0.2989851236343384
860542	0.0010918410262092948
796812	0.04390953108668327
860655	0.0032496603671461344
74328	0.16926826536655426
74356	0.13643129169940948
860942	0.29289036989212036
598802	0.002371047856286168
74637	0.06967116892337799
861169	0.010316549800336361
74759	0.11579248309135437
337073	0.21314935386180878
861403	0.0011086888844147325
857943	0.0011769520351663232
861433	0.00406597601249814
337190	0.2998577356338501
337209	0.0943087488412857
798967	0.44544094800949097
449442	0.15323100984096527
599524	0.1050814762711525
599550	0.021015120670199394
75266	0.4234910309314728
709559	0.02266460470855236
75335	0.09658720344305038
75342	0.009578189812600613
337509	0.012781406752765179
599720	0.3064516484737396
667932	0.0018481980077922344
875417	0.0017378496704623103
75608	0.4542660713195801
75698	0.03495538979768753
75717	0.003204751992598176
337864	0.004774232394993305
56323	0.0016183956759050488
75801	0.002912221010774374
338040	0.47982802987098694
405867	0.08490883558988571
862345	0.35419726371765137
600231	0.010840351693332195
1102390	0.014492045156657696
862448	0.13445335626602173
600350	0.0013805071357637644
862640	0.001595906913280487
76283	0.001914196414873004
862856	0.09371329098939896
338637	0.3864988386631012
1050033	0.08167067170143127
338696	0.3518200218677521
338713	0.18005497753620148
143849	0.3453421890735626
863112	0.08274282515048981
76770	0.010258250869810581
338917	0.023419417440891266
1017687	0.9986634254455566
601128	0.005644961725920439
339009	0.0012820654083043337
863387	0.0017496411455795169
77034	0.055082522332668304
863623	0.001549808424897492
863738	0.3087696135044098
77323	0.12000557780265808
601624	0.019632162526249886
601629	0.002027788432314992
339501	0.014023253694176674
77391	0.002669219160452485
601684	0.0013042917707934976
77424	0.013607165776193142
77491	0.11373026669025421
339888	0.43539413809776306
339934	0.002456390531733632
339981	0.029562117531895638
340006	0.0034772439394146204
77878	0.018887152895331383
602352	0.2559782564640045
864507	0.0012273365864530206
602413	0.0033272961154580116
602652	0.10758677870035172
78418	0.057951491326093674
1017966	0.1017371416091919
340712	0.16678227484226227
602957	0.3636062443256378
78730	0.12131129205226898
603031	0.05156280845403671
603050	0.029583843424916267
755878	0.03173656389117241
341039	0.1777985543012619
865426	0.002190772444009781
865476	0.3101167678833008
865518	0.0028520349878817797
341317	0.18741798400878906
603773	0.22187642753124237
865971	0.14776133000850677
341736	0.5576471090316772
866101	0.016576681286096573
79698	0.0076904636807739735
866139	0.006363552529364824
866251	0.07742606848478317
604113	0.05096893757581711
604153	0.24890434741973877
79891	0.08118988573551178
362845	0.15245574712753296
342115	0.0014136279933154583
866428	0.08104453235864639
342156	0.02206948772072792
342285	0.006357359234243631
342450	0.001601716037839651
604619	0.13343170285224915
604628	0.007205522619187832
604673	0.13023757934570312
1061994	0.1175832599401474
80590	0.33658263087272644
604954	0.3421012759208679
1018359	0.4706750512123108
80876	0.2423473745584488
605169	0.022960983216762543
867490	0.2543915808200836
81075	0.26356661319732666
81137	0.4969501495361328
605467	0.061543192714452744
605648	0.46738213300704956
867947	0.06589821726083755
821068	0.002726867562159896
81649	0.0040045492351055145
974808	0.3517961800098419
868184	0.008048411458730698
606117	0.16921395063400269
343976	0.013150181621313095
868410	0.04024457186460495
81993	0.15745683014392853
868487	0.0012849854538217187
868525	0.07151920348405838
82100	0.05631832405924797
82161	0.4374626576900482
868598	0.006006738170981407
344400	0.02656230516731739
57402	0.9990517497062683
82293	0.14686037600040436
57411	0.48765435814857483
82379	0.2050766497850418
868919	0.0032671696972101927
995654	0.05433885008096695
869035	0.003801585640758276
606944	0.3416745364665985
712832	0.10332883149385452
82842	0.5488648414611816
869308	0.004013055935502052
869348	0.0859849750995636
82949	0.26091501116752625
607292	0.9990013241767883
607338	0.24515944719314575
259885	0.006077446974813938
975040	0.13512837886810303
607374	0.09159323573112488
869519	0.07430357486009598
345350	0.0726708397269249
345453	0.007466086186468601
607599	0.296729177236557
869759	0.03315310925245285
869827	0.0018793240888044238
83448	0.031890176236629486
83458	0.002913836156949401
869891	0.004540140274912119
83506	0.0833943784236908
607855	0.0026451777666807175
83621	0.0060734995640814304
450851	0.123199462890625
188714	0.0036588346119970083
1016611	0.08571527153253555
870348	0.17800727486610413
608323	0.9990679621696472
870544	0.009134212508797646
916306	0.05177980288863182
870693	0.0018497611163184047
608557	0.8997228145599365
870861	0.011609360575675964
870875	0.17014211416244507
84473	0.0026521324180066586
84520	0.0039224340580403805
844211	0.0015940540470182896
997932	0.0011036453070119023
609024	0.3856264650821686
84778	0.00442882813513279
609104	0.03429548814892769
871376	0.13554513454437256
85053	0.004206336103379726
85095	0.002366171218454838
1091690	0.9990410208702087
609469	0.05533907562494278
800652	0.0013828672235831618
609628	0.3513161540031433
954307	0.003396988147869706
347491	0.005570271052420139
609799	0.1700056791305542
872081	0.08960001170635223
609956	0.12143147736787796
610056	0.001410065684467554
975495	0.048743754625320435
610128	0.35538628697395325
610132	0.3519934415817261
610190	0.13473710417747498
85904	0.004484646953642368
872347	0.14607608318328857
482412	0.010019395500421524
85954	0.0014148382470011711
348136	0.07492350041866302
86094	0.001383338705636561
348242	0.005754789803177118
1019236	0.0016624523559585214
610425	0.0050928168930113316
800792	0.009860274381935596
872632	0.9421061277389526
86203	0.0019242301350459456
872655	0.47071826457977295
1019262	0.0038187652826309204
86264	0.017680643126368523
872777	0.014790068380534649
872823	0.8783034682273865
931905	0.010058587417006493
872855	0.003171397838741541
610716	0.001998662482947111
872869	0.0038283353205770254
348594	0.05688031017780304
872946	0.9868853092193604
610898	0.9990696310997009
86624	0.0014734651194885373
669800	0.005418482236564159
610940	0.0532975010573864
348869	0.0075318519957363605
873250	0.18083886802196503
348994	0.009000791236758232
611199	0.24260345101356506
611271	0.1713651716709137
87019	0.4749155342578888
611366	0.9990652203559875
611468	0.07693426311016083
58234	0.03347748890519142
611747	0.0715733990073204
873914	0.01125386357307434
975775	0.0013475912855938077
189355	0.0019649299792945385
87701	0.0018158245366066694
874299	0.005099528003484011
87892	0.1681760847568512
87926	0.004398055840283632
874455	0.001469001523219049
88160	0.0021300073713064194
612471	0.12275746464729309
874691	0.0015117869479581714
1090542	0.1869116574525833
88284	0.0036606565117836
88375	0.0018525577615946531
612670	0.09235909581184387
874827	0.07451196014881134
874876	0.0012571465922519565
858391	0.1688186675310135
874914	0.003138852771371603
612846	0.2055639624595642
88577	0.021204862743616104
535421	0.2291966676712036
613179	0.012304901145398617
613214	0.01835888996720314
613233	0.9990629553794861
89143	0.02083987183868885
622734	0.5370238423347473
875787	0.005512642674148083
875796	0.0020524286665022373
1019783	0.0018789154710248113
613694	0.07211814820766449
757644	0.003484921297058463
89418	0.17939230799674988
613755	0.04403512924909592
875986	0.43457093834877014
613852	0.07826036214828491
613870	0.5568602681159973
89610	0.0012065799674019217
351820	0.007254404481500387
614047	0.28733763098716736
89777	0.40403807163238525
614069	0.12359575182199478
888777	0.06149199977517128
89786	0.11449527740478516
614121	0.0794619768857956
614186	0.1849132925271988
614286	0.4373416304588318
352236	0.004681151360273361
614409	0.1359526813030243
90169	0.32078734040260315
90209	0.08218274265527725
614598	0.11409900337457657
876924	0.0020022240933030844
352818	0.04289957508444786
877161	0.003960808273404837
1063709	0.0019790593069046736
932639	0.16452036798000336
615219	0.002242685528472066
90941	0.08112601935863495
877453	0.003186579328030348
615383	0.006092671770602465
615457	0.3834044635295868
615624	0.4291963279247284
91345	0.003205882618203759
877810	0.0015097965952008963
877845	0.014543688856065273
91422	0.6042075753211975
353623	0.07754001021385193
877938	0.22168348729610443
91711	0.0016261774580925703
91722	0.20987874269485474
616045	0.13287678360939026
91790	0.08412479609251022
91881	0.16548122465610504
878367	0.0036521952133625746
616331	0.3168218433856964
354222	0.005247242748737335
823596	0.07322704792022705
616447	0.012291787192225456
92260	0.0014603983145207167
980726	0.003775870893150568
354515	0.0013543589739128947
878817	0.16635794937610626
878840	0.008316592313349247
92437	0.3913753628730774
627085	0.08288227766752243
878959	0.0014411042211577296
92542	0.3119558095932007
471983	0.4559011161327362
617167	0.0011662684846669436
617246	0.0012713276082649827
1085497	0.07565927505493164
321363	0.0011622633319348097
879657	0.05912049487233162
93234	0.008232573978602886
93308	0.9990532994270325
93311	0.010610955767333508
355458	0.1088305115699768
879747	0.053487591445446014
617611	0.0014170382637530565
355484	0.05140228942036629
998223	0.2621954679489136
1064155	0.0016359493602067232
617795	0.005043942015618086
93649	0.18939420580863953
1020500	0.0015336988726630807
93823	0.33162716031074524
618223	0.09945904463529587
452572	0.007145041599869728
880527	0.4826546907424927
618408	0.0029632486402988434
618486	0.008997596800327301
880766	0.30370181798934937
618818	0.004944146610796452
356916	0.04597977176308632
94782	0.05328642204403877
619087	0.039685651659965515
94865	0.0038448316045105457
619159	0.46653908491134644
540109	0.9970128536224365
357162	0.0026954556815326214
881582	0.0036542259622365236
357340	0.0038177731912583113
881695	0.3212534487247467
881723	0.0020669852383434772
619675	0.0011039370438084006
95409	0.03402528911828995
619805	0.03242511674761772
38098	0.001167905516922474
882002	0.0017929434543475509
95651	0.05755537375807762
882141	0.0011359881609678268
358150	0.0015378439566120505
358240	0.007668744307011366
147090	0.08584775030612946
96250	0.04761619493365288
96310	0.0015334360068663955
358455	0.0011345428647473454
96379	0.04768349975347519
96420	0.05772629752755165
1091765	0.3127575218677521
96602	0.3391175866127014
1020999	0.4401048421859741
620992	0.08338003605604172
96749	0.0832781046628952
883282	0.0034196553751826286
359040	0.03591914102435112
1094361	0.024900060147047043
621419	0.17614904046058655
97295	0.5217376947402954
359499	0.2503107190132141
883861	0.00503670796751976
453175	0.08549973368644714
97612	0.0395229235291481
97652	0.016755102202296257
97766	0.0025441281031817198
759038	0.01755524054169655
622100	0.005444013047963381
97895	0.9990492463111877
97964	0.38937926292419434
989644	0.24903957545757294
884533	0.0209613349288702
98151	0.0018675996689125896
802794	0.0012665921822190285
884722	0.22062501311302185
693736	0.002541773486882448
622658	0.0030160776805132627
622725	0.0026869424618780613
884870	0.010175837203860283
884878	0.0015094291884452105
893642	0.002592319156974554
42555	0.15588952600955963
622893	0.001886087586171925
885081	0.01005935575813055
98682	0.16347254812717438
885153	0.03277119621634483
885184	0.005537162534892559
98817	0.03260946646332741
98847	0.0017971181077882648
885301	0.003527137218043208
885308	0.0024207732640206814
623281	0.0011113373329862952
885433	0.002686950145289302
885505	0.009767250157892704
1024599	0.0027200744953006506
99183	0.0027290661819279194
247717	0.0012638452462852001
99267	0.1522730588912964
234998	0.0018273619934916496
361594	0.012402619235217571
361620	0.038499485701322556
885932	0.019423021003603935
885986	0.02387091889977455
99556	0.02192072570323944
623857	0.09057478606700897
99805	0.06796479225158691
624143	0.017926955595612526
362016	0.08296531438827515
624176	0.0016351357335224748
886332	0.002542589558288455
624199	0.0745733305811882
362076	0.0028432991821318865
886382	0.00629442511126399
100013	0.0014609297504648566
100020	0.001878324430435896
100046	0.09614388644695282
822937	0.0015314588090404868
624503	0.0010641001863405108
100250	0.08258714526891708
100307	0.2089487761259079
624644	0.006329269614070654
100364	0.010754295624792576
584727	0.17775174975395203
624790	0.08192464709281921
605651	0.2680214047431946
497360	0.12997816503047943
624876	0.01660565473139286
100616	0.0047170124016702175
100661	0.09173653274774551
625022	0.0012072898680344224
1065388	0.025165949016809464
143025	0.12658189237117767
887392	0.0011474922066554427
887395	0.029156573116779327
887398	0.00253572640940547
919913	0.0017031319439411163
625458	0.002707485342398286
363332	0.003910740837454796
1065448	0.007043916266411543
101451	0.1535898745059967
887906	0.0023217792622745037
363637	0.23995204269886017
625782	0.008138488046824932
888100	0.026316817849874496
626005	0.01034635305404663
626232	0.0012161683989688754
626318	0.01015174575150013
888559	0.0019378091674298048
626462	0.002842923393473029
888796	0.0012249296996742487
978259	0.01858316734433174
626701	0.0011106160236522555
888911	0.002869516611099243
888934	0.003072896972298622
102506	0.002777725225314498
191853	0.2635584771633148
888988	0.24582192301750183
889046	0.32824909687042236
102627	0.15843598544597626
626918	0.0029171365313231945
889104	0.002577167935669422
102695	0.0011967072496190667
483521	0.1297096461057663
889289	0.992599606513977
365044	0.001423171372152865
627323	0.0038729358930140734
103125	0.38113564252853394
627513	0.00960402563214302
1094575	0.34315353631973267
847415	0.002331553725525737
628056	0.16689898073673248
628085	0.0011468147858977318
1022198	0.5376073122024536
890532	0.25817573070526123
824000	0.004893751349300146
628532	0.001139647327363491
104290	0.005555454175919294
890890	0.0012892914237454534
978605	0.10874112695455551
803861	0.7599997520446777
891082	0.001964804483577609
891498	0.0018082924652844667
891565	0.20259790122509003
367290	0.12826621532440186
517245	0.5335952639579773
891719	0.1623346358537674
1049926	0.007514581084251404
1066161	0.0010975683107972145
17586	0.21488621830940247
105549	0.011512251570820808
300306	0.001950239879079163
760367	0.007460703607648611
892224	0.027350131422281265
892329	0.02714395523071289
892454	0.9985172152519226
368229	0.004556987900286913
630391	0.11402066797018051
106125	0.005386273376643658
106508	0.16317982971668243
368728	0.060360126197338104
630905	0.00950744841247797
893275	0.003549878718331456
107077	0.0031537783797830343
893681	0.0016810160595923662
1022762	0.002095835981890559
107283	0.0017101600533351302
164946	0.3127703368663788
893789	0.035071827471256256
631724	0.1792789101600647
236362	0.058784469962120056
894161	0.00212317006662488
632055	0.001512005808763206
323798	0.048847634345293045
107812	0.18583285808563232
632106	0.036982517689466476
369981	0.04761068895459175
632192	0.0020828023552894592
370068	0.07976274192333221
1094727	0.018214890733361244
108037	0.21671250462532043
632394	0.016044752672314644
1094731	0.005876380950212479
632455	0.14929546415805817
370316	0.20095796883106232
894610	0.004219615366309881
632536	0.006359034683555365
632625	0.0012852081563323736
108507	0.3909674286842346
632825	0.014966616407036781
804523	0.12253816425800323
370734	0.21485702693462372
108622	0.003261065110564232
632923	0.01487971842288971
370979	0.0023547951132059097
542431	0.0012008938938379288
633153	0.006079979706555605
149221	0.08727303892374039
371204	0.003808785229921341
633350	0.001222834805957973
760930	0.9945042133331299
633617	0.12472868710756302
633635	0.04055541381239891
1023111	0.020999405533075333
1042399	0.08177349716424942
895932	0.3955218195915222
371695	0.0011749722762033343
633916	0.24506200850009918
109647	0.001870128558948636
633986	0.034881409257650375
633994	0.009041475132107735
634038	0.0016263871220871806
109819	0.005911530926823616
634113	0.004993688780814409
634126	0.11741295456886292
109841	0.002433894667774439
634174	0.0013771927915513515
372070	0.05463128164410591
896383	0.014103704132139683
518675	0.045313648879528046
372137	0.001534521346911788
326637	0.10716862976551056
634412	0.015416880138218403
634489	0.0012718295911327004
372378	0.3446589708328247
634583	0.005696703214198351
896931	0.0019323427695780993
372792	0.002200160175561905
635044	0.0010740953730419278
635058	0.046081386506557465
635079	0.16746827960014343
897240	0.008507589809596539
635125	0.008409532718360424
804905	0.0017236628336831927
635150	0.05260360613465309
635237	0.0010678971884772182
897401	0.4769625663757324
373121	0.001290633692406118
463133	0.09552264213562012
897476	0.15693943202495575
373209	0.17017459869384766
635497	0.0052098967134952545
635626	0.0026275571435689926
897789	0.00165237532928586
635647	0.010858747176826
897910	0.029280642047524452
897953	0.0036378460936248302
635823	0.0014490223256871104
897981	0.10550235956907272
111723	0.016202036291360855
630318	0.0027053039520978928
636188	0.0011758325854316354
280796	0.0018119497690349817
111995	0.01860734075307846
112035	0.00253393710590899
280825	0.1552850902080536
761425	0.06310651451349258
1094863	0.2895996868610382
636434	0.1860686093568802
636437	0.017764974385499954
898686	0.050507690757513046
898714	0.457831472158432
112318	0.21309794485569
149801	0.001865159603767097
112477	0.007329509127885103
374690	0.17179690301418304
636853	0.003599918680265546
636929	0.003826833562925458
374799	0.05051630735397339
636949	0.2820824086666107
112718	0.48525169491767883
717845	0.3699815571308136
899212	0.0016993411118164659
637208	0.07343345880508423
637234	0.0016034074360504746
899423	0.061280928552150726
18840	0.01858614571392536
375291	0.0014308125246316195
929046	0.0013920128112658858
637459	0.02528695948421955
899800	0.12217409163713455
899869	0.0032039007637649775
900062	0.0601496584713459
900076	0.0033627364318817854
900077	0.1603057086467743
113664	0.11288142949342728
113732	0.0011205634800717235
375891	0.11002933979034424
900450	0.007795234210789204
900599	0.021430974826216698
638503	0.001233510673046112
900696	0.012681268155574799
900731	0.2575315833091736
376537	0.24680930376052856
638723	0.0706874430179596
900924	0.0018401643028482795
638795	0.0015854623634368181
114573	0.20258881151676178
114633	0.23657993972301483
114638	0.0016667402815073729
638928	0.18927906453609467
849245	0.005336718633770943
639084	0.10295093059539795
313262	0.002398048061877489
639163	0.002990565961226821
901355	0.002601499669253826
639412	0.001154417055658996
639545	0.02022561803460121
639560	0.1393134593963623
115365	0.1811744123697281
674595	0.7582978010177612
1086248	0.0016771842492744327
377805	0.07205244898796082
115704	0.4296436309814453
640103	0.001113371690735221
115833	0.002880736952647567
412532	0.005662037059664726
115930	0.08160707354545593
640232	0.010854974389076233
47513	0.2806989848613739
902657	0.006244211923331022
79763	0.2082097977399826
902855	0.004020138643682003
116431	0.47494974732398987
116455	0.00976959802210331
1067990	0.0015039409045130014
902919	0.025643378496170044
902931	0.0034244463313370943
116517	0.00308792432770133
1024312	0.00114907615352422
309402	0.0010748119093477726
893271	0.0015821574488654733
903235	0.0015327301807701588
116820	0.002933291718363762
849596	0.43266743421554565
641156	0.012862488627433777
955359	0.004498057067394257
116939	0.0034118967596441507
237945	0.007432726677507162
641284	0.003812238806858659
641293	0.06299667060375214
117036	0.13278158009052277
903479	0.3447785973548889
117113	0.0014699712628498673
379337	0.1565534472465515
641583	0.002156214090064168
641618	0.0023222574964165688
903811	0.019888440147042274
980789	0.260637104511261
904007	0.028762418776750565
117683	0.13880032300949097
980811	0.012463532388210297
117728	0.0010545192053541541
642032	0.47008633613586426
194430	0.07409600913524628
642352	0.004256277810782194
904542	0.0034099400509148836
1100639	0.001675945590250194
904727	0.0055225384421646595
118365	0.10324842482805252
118457	0.057419098913669586
380755	0.002122084377333522
905057	0.0015373951755464077
905479	0.005317844450473785
119089	0.2674385905265808
119168	0.0011290659895166755
905604	0.48879095911979675
643561	0.002058157930150628
905707	0.04853368550539017
643572	0.002062884857878089
905766	0.011677402071654797
119534	0.002296589547768235
119683	0.0010532536543905735
906126	0.013400278985500336
644023	0.0013630131725221872
119761	0.002805338939651847
194724	0.9988200068473816
544260	0.9990370273590088
119975	0.002675031777471304
1068584	0.0024208619724959135
906692	0.009294641204178333
644658	0.9990538954734802
833268	0.0013366331113502383
644746	0.0010343207977712154
824542	0.004260364454239607
907046	0.19224296510219574
907127	0.002538441214710474
645024	0.00689629977568984
645252	0.07816992700099945
121017	0.0022702969145029783
121023	0.0010464988881722093
38946	0.003947596065700054
645343	0.002613148419186473
907538	0.004382659215480089
1095165	0.27134209871292114
645472	0.08191937208175659
645604	0.0121374586597085
850361	0.004938606172800064
907997	0.007297842763364315
645892	0.0016143766697496176
908069	0.002359455218538642
908154	0.03062869980931282
646071	0.5140633583068848
908237	0.0020590208005160093
908316	0.008020024746656418
646179	0.0015352360205724835
908489	0.1973763406276703
646354	0.0071775102987885475
384406	0.22498080134391785
646623	0.0326944962143898
564707	0.18181294202804565
122440	0.0031681829132139683
831815	0.002251342637464404
122582	0.001272786408662796
719488	0.6468612551689148
122639	0.1790277659893036
909111	0.004751700907945633
384845	0.002374564064666629
909176	0.3235166370868683
122807	0.011580239050090313
384985	0.007642044220119715
647260	0.0034224649425596
909547	0.20678825676441193
20520	0.002326682908460498
647503	0.001120136701501906
647687	0.0069901649840176105
680490	0.10160364210605621
909886	0.001559594413265586
385652	0.10709384828805923
123529	0.001066129538230598
647872	0.001939489389769733
647876	0.0029628314077854156
647949	0.0013415917055681348
123710	0.07671971619129181
910150	0.03218698501586914
648049	0.0025157053023576736
648119	0.04386935383081436
123859	0.002349326852709055
798469	0.016655517742037773
910375	0.3271142542362213
123975	0.008506338112056255
124128	0.15324334800243378
910622	0.0047301421873271465
910777	0.0011773551814258099
910818	0.011468515731394291
910870	0.36952999234199524
386653	0.018274862319231033
124534	0.19601251184940338
545052	0.004285922273993492
648877	0.007667627185583115
911032	0.0059027839452028275
911056	0.10962966829538345
588775	0.0030125495977699757
124787	0.016376150771975517
649110	0.2878391444683075
649200	0.047903452068567276
492988	0.43778279423713684
649294	0.0028553905431181192
562821	0.17940585315227509
64528	0.002466927981004119
257309	0.0023000247310847044
649451	0.0013470780104398727
911605	0.002751834923401475
108287	0.02625194750726223
588888	0.07048461586236954
387603	0.39005282521247864
649763	0.003149965312331915
387662	0.001961060333997011
125545	0.04857577010989189
649893	0.0012877107365056872
125627	0.4908275604248047
865384	0.0012168596731498837
387848	0.0017433264292776585
125705	0.049039650708436966
387864	0.06164676696062088
650076	0.4250078499317169
912234	0.057309262454509735
125842	0.005365689750760794
125898	0.0020476465579122305
125996	0.5137326717376709
650378	0.08238384127616882
650462	0.004529033787548542
850919	0.005485170520842075
388465	0.014533339068293571
388588	0.003308813087642193
912879	0.0016729508060961962
912898	0.027840130031108856
126491	0.0812905877828598
126525	0.17629209160804749
912961	0.11245617270469666
912992	0.09603727608919144
913098	0.345353364944458
913137	0.08480587601661682
913286	0.0023798325564712286
651187	0.9983130693435669
913374	0.0078989053145051
913509	0.003651584265753627
127098	0.0010805571218952537
389258	0.9889773726463318
913568	0.011122936382889748
913579	0.0039325859397649765
1098953	0.0028882469050586224
632726	0.008051145821809769
389385	0.045615214854478836
127315	0.00141048280056566
850957	0.0013050019042566419
938773	0.1714019626379013
127682	0.07920832186937332
977467	0.12343449145555496
914321	0.0019218719098716974
914368	0.23836852610111237
914406	0.003524141851812601
127984	0.003901517717167735
914545	0.34543588757514954
128158	0.04441374912858009
128166	0.002193095162510872
128178	0.0010613302001729608
128200	0.004790858831256628
914637	0.24408483505249023
1026258	0.0033045841846615076
652556	0.015779605135321617
914707	0.21219640970230103
914771	0.9966539144515991
390484	0.0024781180545687675
1086675	0.016515083611011505
807845	0.23932088911533356
178859	0.018994377925992012
652912	0.0012979846214875579
128633	0.25211286544799805
390813	0.04505922272801399
652961	0.22487717866897583
895263	0.24951468408107758
653041	0.0016249362379312515
938963	0.34409043192863464
653054	0.017056545242667198
653092	0.02996196039021015
915305	0.0528494231402874
653187	0.10394949465990067
391101	0.004769467748701572
391125	0.22388896346092224
915544	0.2203221470117569
129205	0.05160672217607498
129228	0.0012199264019727707
129229	0.0016638196539133787
915762	0.27055200934410095
915769	0.0027452465146780014
129491	0.0011752878781408072
129517	0.0011426829732954502
391662	0.0016470279078930616
129641	0.0010819718008860946
129684	0.0011097145034000278
916186	0.0017125941812992096
129792	0.001150751020759344
129837	0.00111019192263484
130034	0.003313167253509164
392195	0.06918372213840485
654459	0.0010780658340081573
392350	0.6082445383071899
633375	0.1206807792186737
392393	0.28453394770622253
392488	0.9989583492279053
654633	0.0012923189206048846
392501	0.22207482159137726
633399	0.04497538134455681
786477	0.5110449194908142
916901	0.006499421317130327
1070324	0.007931343279778957
917015	0.001999521628022194
917022	0.4446267783641815
808200	0.0011685971403494477
1070361	0.0011310768313705921
655046	0.14442172646522522
21793	0.3792710304260254
392905	0.013308268040418625
655057	0.002260675188153982
392936	0.00787691492587328
130825	0.4574488401412964
917283	0.014705940149724483
917334	0.024507781490683556
130932	0.0011001130333170295
917489	0.00901834387332201
393203	0.08060303330421448
917536	0.4801817536354065
393268	0.0013141693780198693
393420	0.028702376410365105
393462	0.9990604519844055
917789	0.003316814312711358
371420	0.0012101526372134686
917825	0.007232623174786568
1026789	0.4798274338245392
393696	0.014188483357429504
131597	0.0010793780675157905
131665	0.0012462972663342953
153027	0.4084080457687378
393881	0.006239981856197119
131768	0.001884940778836608
393954	0.10945519059896469
824920	0.007666273973882198
131873	0.019809819757938385
394021	0.11369286477565765
918324	0.059123363345861435
131925	0.0013119576033204794
394095	0.4477030634880066
656250	0.18739689886569977
656345	0.0022269112523645163
656371	0.06340819597244263
656376	0.001836399082094431
132104	0.26798227429389954
132151	0.11991830915212631
240489	0.0015096061397343874
132263	0.009114799089729786
656602	0.023192284628748894
132317	0.002598464023321867
132359	0.011311940848827362
918800	0.20173969864845276
132473	0.05582767724990845
656859	0.00275459629483521
808528	0.053723812103271484
983299	0.02406633272767067
132639	0.001944326562806964
657091	0.0050079431384801865
919310	0.10953599214553833
395038	0.040389761328697205
1070728	0.2330985814332962
657204	0.001763172447681427
896479	0.2004482001066208
657264	0.10501228272914886
133037	0.25028297305107117
395382	0.3474886417388916
919712	0.01178773120045662
395538	0.0031902531627565622
939744	0.002997493604198098
395786	0.46863359212875366
657974	0.02248970977962017
763878	0.0037698240485042334
920218	0.03573449328541756
808746	0.0016054491279646754
134014	0.006260301917791367
920458	0.11597267538309097
658498	0.12761108577251434
396391	0.34477564692497253
920717	0.039657458662986755
920753	0.29225605726242065
658667	0.05917029082775116
920885	0.0011993844527751207
789997	0.003948289901018143
921173	0.0012915435945615172
66154	0.008194747380912304
134861	0.01278524100780487
659182	0.014131564646959305
921348	0.012914045713841915
659230	0.17512138187885284
397090	0.20928135514259338
659247	0.40676724910736084
135079	0.0017485105199739337
921621	0.0017718728631734848
397417	0.0021605161018669605
921812	0.0012032618978992105
135386	0.010448369197547436
135464	0.001375472405925393
135465	0.001373195555061102
135516	0.00782531313598156
922024	0.00408880366012454
135633	0.0981358140707016
135635	0.05098898708820343
659929	0.015101508237421513
660046	0.09188396483659744
922335	0.320283979177475
660220	0.00814731977880001
922389	0.44619524478912354
109276	0.2495652288198471
22670	0.29724687337875366
136098	0.1544303148984909
398258	0.0037113958969712257
136157	0.22491292655467987
922593	0.06350509077310562
660479	0.0047191171906888485
136209	0.00250669801607728
660534	0.001232945709489286
398447	0.6875386834144592
660672	0.0037061278708279133
660803	0.28508439660072327
660957	0.0014879254158586264
136700	0.0013120308285579085
503381	0.2503824234008789
660999	0.019078636541962624
661028	0.0031958946492522955
661076	0.02304588444530964
459707	0.5548372268676758
661398	0.06099657341837883
399364	0.34953007102012634
399414	0.002135864458978176
399527	0.011510671116411686
137411	0.0011818519560620189
137440	0.04445495828986168
399617	0.29153427481651306
137508	0.0014216054696589708
853057	0.06561779975891113
924047	0.0019882898777723312
661945	0.004165000282227993
662016	0.0017529723700135946
399970	0.06182422861456871
137889	0.14787247776985168
137919	0.023528289049863815
662282	0.004261236172169447
662334	0.18086493015289307
138127	0.0013992765452712774
924567	0.0016754247481003404
662436	0.0023551410995423794
138223	0.06266283988952637
662524	0.09560129791498184
138266	0.01315927505493164
372586	0.0030259110499173403
924895	0.09678807109594345
400631	0.009406398050487041
138492	0.07932703197002411
924978	0.13231076300144196
400692	0.04354602098464966
126821	0.09260614216327667
925059	0.005741706117987633
138629	0.0014967252500355244
138640	0.3106776177883148
400803	0.4060468375682831
663006	0.11518163979053497
138793	0.10881000012159348
663131	0.4583929777145386
139090	0.001480157021433115
663388	0.10301865637302399
925571	0.06908591836690903
401287	0.057083576917648315
139239	0.08071331679821014
925766	0.4539020359516144
23223	0.424250990152359
663679	0.002087800297886133
110614	0.004025558475404978
139405	0.018254244700074196
663771	0.019797619432210922
401640	0.5223996639251709
925951	0.001109595992602408
663820	0.05111055076122284
926019	0.0672478899359703
663890	0.006135561969131231
926064	0.004791391082108021
663950	0.0015484418254345655
401878	0.30492332577705383
1028179	0.0328940711915493
139767	0.12558859586715698
664138	0.0026736862491816282
139897	0.0012194325681775808
664194	0.1645275205373764
139929	0.11300193518400192
402075	0.009066571481525898
926436	0.05193829536437988
140161	0.0028675920329988003
402318	0.011838151142001152
140216	0.0010918185580521822
140238	0.0010977372294291854
926700	0.09857562184333801
402417	0.19549277424812317
402427	0.0036467406898736954
926980	0.0016430816613137722
140696	0.0012901501031592488
1090961	0.19404670596122742
665009	0.21615755558013916
927196	0.0029902050737291574
140804	0.19681334495544434
809909	0.2278619408607483
198246	0.1238214373588562
140921	0.466357946395874
665231	0.044226545840501785
403095	0.11187466979026794
927553	0.00192141009029001
766272	0.06635471433401108
547820	0.41532063484191895
403361	0.12931083142757416
403388	0.002509805839508772
403454	0.009035243652760983
161828	0.013392981141805649
141353	0.0018906568875536323
766301	0.503495454788208
722615	0.2541106343269348
141472	0.049908798187971115
984774	0.0010815123096108437
665972	0.0029450813308358192
141694	0.006160187069326639
488021	0.17475126683712006
403954	0.015191638842225075
404051	0.4023923873901367
142039	0.022967593744397163
928478	0.005738628562539816
404202	0.2913492023944855
928567	0.13297833502292633
928572	0.001775815850123763
142153	0.0062147038988769054
928753	0.21031902730464935
589586	0.3726005554199219
142382	0.5114306211471558
666694	0.001810332527384162
142411	0.3559409976005554
666792	0.01684468425810337
404713	0.1586313247680664
142579	0.3768894672393799
142782	0.31868401169776917
142831	0.0219473484903574
667136	0.00283882231451571
405036	0.24095189571380615
929372	0.045797232538461685
405090	0.0024481485597789288
1090329	0.05892287939786911
929473	0.00695418007671833
667373	0.006611833814531565
405238	0.1808723658323288
405310	0.15351538360118866
405330	0.4800250232219696
1028752	0.25358256697654724
667535	0.003056055400520563
143293	0.004865048453211784
143424	0.19790922105312347
143464	0.04065121337771416
405660	0.07662094384431839
1072500	0.21565058827400208
1072506	0.0032344504725188017
405737	0.2896169126033783
930124	0.002589617855846882
155041	0.5600276589393616
405985	0.12964162230491638
930293	0.050839319825172424
930326	0.005249958485364914
111377	0.024121560156345367
406140	0.11993144452571869
679360	0.12130741775035858
144028	0.04876681789755821
406181	0.0073876651003956795
930483	0.0029561733826994896
406205	0.30131471157073975
941515	0.18922381103038788
930534	0.0030346307903528214
930549	0.0012450942303985357
930621	0.0803006961941719
406351	0.1398034393787384
406386	0.039253104478120804
144254	0.18495894968509674
144285	0.21489280462265015
930721	0.001843277714215219
406525	0.003457312937825918
406576	0.9990326166152954
144491	0.2302457094192505
1034839	0.39729201793670654
144528	0.11767341196537018
406718	0.02346758544445038
746785	0.1365886777639389
144682	0.0190594382584095
24115	0.49119216203689575
144694	0.0016361279413104057
931147	0.0031700641848146915
240504	0.00668730866163969
669046	0.023920346051454544
406923	0.4681258201599121
406974	0.3484574258327484
144857	0.1502617746591568
407102	0.15051624178886414
407131	0.06328078359365463
669288	0.41574621200561523
407274	0.0033015371300280094
669427	0.0024645060766488314
669444	0.019412608817219734
931726	0.5297889113426208
931772	0.4315768778324127
810660	0.002680525416508317
931940	0.0013082175282761455
407662	0.18437106907367706
669979	0.40897008776664734
407869	0.03411441668868065
670022	0.002662178361788392
145821	0.996986448764801
670142	0.005999482236802578
145877	0.13641740381717682
408134	0.5984786152839661
408149	0.4225597083568573
932495	0.4281870722770691
417570	0.001964332303032279
408275	0.007140371482819319
670437	0.0463675856590271
670476	0.0017342944629490376
146212	0.33118730783462524
146244	0.21061545610427856
146269	0.3518087863922119
408419	0.08577175438404083
408427	0.009451527148485184
932735	0.07657328993082047
670600	0.058685824275016785
1090352	0.00748496875166893
408563	0.4922478199005127
932878	0.042427368462085724
670829	0.0013341398444026709
408696	0.10772495716810226
408739	0.22030115127563477
146598	0.0012248808052390814
408765	0.004586393013596535
933132	0.042839039117097855
408945	0.3802170157432556
933236	0.487970769405365
146812	0.0018827234162017703
409071	0.4663550555706024
671219	0.0030126008205115795
409143	0.14719311892986298
898318	0.3658042550086975
57270	0.0740552544593811
409207	0.003022217657417059
147073	0.9977468848228455
933551	0.03254150599241257
147166	0.035104598850011826
933652	0.007802717387676239
671579	0.0036209747195243835
933742	0.0021162410266697407
147337	0.041768793016672134
671692	0.0015360132092610002
409557	0.22894684970378876
933861	0.0025949145201593637
933946	0.23839432001113892
147542	0.2660572826862335
409694	0.00400568125769496
934134	0.0020116751547902822
409854	0.002720176475122571
409887	0.003152732038870454
934223	0.04167034849524498
934235	0.0012737554498016834
672109	0.13542446494102478
148016	0.03598529100418091
1052414	0.04729333147406578
672352	0.005051907617598772
672433	0.001141985529102385
792789	0.10747876763343811
942221	0.034946661442518234
934795	0.005719316657632589
148424	0.0025363354943692684
672753	0.0023739798925817013
934964	0.992394208908081
148564	0.0024648739490658045
286915	0.024046512320637703
148633	0.029677635058760643
243244	0.002805512398481369
148761	0.004379871767014265
148777	0.022372571751475334
148851	0.07173597067594528
673143	0.16977356374263763
898631	0.34285199642181396
935358	0.13189038634300232
935362	0.02508336864411831
935364	0.001716202823445201
811266	0.3018040657043457
149161	0.18920926749706268
935707	0.30591732263565063
680250	0.012311415746808052
149447	0.030408279970288277
800243	0.0010684456210583448
411660	0.37810367345809937
935952	0.013109340332448483
935973	0.003928486257791519
855050	0.5104331970214844
549219	0.0013383005280047655
149670	0.002067731926217675
549235	0.001054987427778542
673984	0.0018708078423514962
936182	0.02994631603360176
149767	0.05103506147861481
149790	0.08175960183143616
411953	0.13881713151931763
936273	0.0058687422424554825
301777	0.005761262029409409
149853	0.004161485005170107
936501	0.002055099466815591
150087	0.008103244937956333
412319	0.3139868974685669
412340	0.0031947840470820665
412352	0.309172123670578
674702	0.18215186893939972
412597	0.49818888306617737
674914	0.9986264705657959
986316	0.9939193725585938
412982	0.01912364549934864
413040	0.013070925138890743
413079	0.148114874958992
820027	0.15530399978160858
937427	0.001264476217329502
151011	0.0010859686881303787
156251	0.1436767578125
937578	0.0010915269376710057
413404	0.04367944598197937
675719	0.05229839310050011
937947	0.0065286727622151375
151547	0.38196513056755066
938066	0.03587161749601364
938140	0.0017353162402287126
413858	0.024370893836021423
413905	0.03176407888531685
200062	0.05221467837691307
938359	0.07928407937288284
676275	0.06526164710521698
414155	0.04224841669201851
25344	0.05805659666657448
414276	0.45146578550338745
676454	0.1461166888475418
768133	0.18111930787563324
152519	0.0037491158582270145
414714	0.004284689202904701
939020	0.08268257230520248
414733	0.12229806184768677
152598	0.060430143028497696
414757	0.30474191904067993
414799	0.2900157570838928
939104	0.0037408473435789347
1029291	0.009242618456482887
677212	0.9983243346214294
415165	0.43002793192863464
153037	0.21218077838420868
939473	0.0013763116439804435
153048	0.40797680616378784
677460	0.3594087064266205
418752	0.0011583853047341108
677519	0.12262947857379913
415474	0.3215451240539551
415500	0.3646155893802643
677672	0.1932460516691208
939866	0.00246895058080554
506181	0.0012188641121611
637254	0.007003271020948887
563771	0.22161415219306946
153588	0.9987700581550598
677936	0.003085346193984151
415815	0.005382147151976824
153739	0.005837403237819672
153794	0.4465370774269104
415962	0.005351442843675613
678176	0.29045796394348145
940386	0.0424036830663681
1096257	0.2299046367406845
153981	0.7949173450469971
768411	0.3063146770000458
416228	0.01936056837439537
154301	0.07354522496461868
416457	0.007815711200237274
154372	0.026772556826472282
940916	0.014271793887019157
940940	0.0011757671600207686
678913	0.08023706823587418
154633	0.0029956959187984467
416846	0.11542009562253952
165135	0.1770562380552292
154785	0.0024109797086566687
941219	0.06299371272325516
679167	0.024615896865725517
417040	0.4137941002845764
417080	0.22737786173820496
200600	0.0010528538841754198
155056	0.24097652733325958
808235	0.0021965152118355036
155086	0.2649744153022766
679390	0.20738251507282257
155119	0.007473206613212824
417362	0.00164364418014884
155234	0.9611219763755798
417404	0.20172815024852753
941749	0.00394838722422719
679658	0.005242114886641502
941865	0.01212737150490284
637576	0.28009629249572754
417664	0.009384917095303535
679878	0.004802907817065716
155700	0.23432457447052002
417902	0.0346202589571476
417946	0.002411356195807457
680102	0.20037025213241577
418032	0.002273266902193427
418063	0.030929256230592728
942354	0.005939987953752279
418165	0.0015858655096963048
680324	0.1280462145805359
418195	0.11022300273180008
156052	0.5152574777603149
680373	0.05430912226438522
418353	0.0010576632339507341
156215	0.007063735276460648
942651	0.001343988347798586
680514	0.06736260652542114
418423	0.5041707158088684
156379	0.23227086663246155
418552	0.02012479119002819
755907	0.557876706123352
942915	0.05046455189585686
418633	0.001049370039254427
680951	0.47708553075790405
92509	0.4267600476741791
943170	0.001141534186899662
943190	0.0013379304436966777
594105	0.09744953364133835
418926	0.007479943800717592
418977	0.02139638178050518
156889	0.08019309490919113
681514	0.0026826271787285805
681264	0.5018154382705688
157149	0.0036857423838227987
419326	0.1005474403500557
419333	0.5416485071182251
681791	0.3473632335662842
419692	0.0018903400050476193
157580	0.028537876904010773
681944	0.3079780340194702
1031173	0.00563679588958621
682025	0.08213324844837189
944181	0.0015141338808462024
944194	0.0013929117703810334
944245	0.004148551728576422
682105	0.001158944913186133
682205	0.022236794233322144
944451	0.0042572724632918835
769085	0.4659932851791382
682365	0.007795366924256086
900164	0.016279155388474464
244808	0.0012758012162521482
682425	0.0019187204306945205
420304	0.03766404837369919
420365	0.44743651151657104
420400	0.0012472603702917695
944700	0.31968486309051514
682626	0.04447149485349655
214771	0.367472767829895
944949	0.25132063031196594
420673	0.19886843860149384
682910	0.0018601719057187438
113826	0.024009929969906807
987644	0.006766433361917734
420867	0.029091045260429382
683045	0.5137672424316406
987657	0.4075244069099426
420934	0.0020737743470817804
987660	0.0017831610748544335
420980	0.1843949258327484
158887	0.004403830971568823
26485	0.008849645964801311
507086	0.04488133266568184
421145	0.11889959126710892
159078	0.05432502180337906
421437	0.9989904761314392
1075156	0.002920189406722784
267187	0.0016329819336533546
159667	0.0030465179588645697
421813	0.2565883696079254
1031502	0.008969362825155258
507221	0.010248036123812199
114037	0.3238743841648102
946428	0.06415197253227234
422152	0.03860047459602356
422268	0.08917751908302307
1031580	0.0027104304172098637
684459	0.38690507411956787
422398	0.03136198967695236
160255	0.47388479113578796
160312	0.0031642955727875233
946747	0.033897001296281815
160339	0.0031490835826843977
422501	0.0014453688636422157
944231	0.012081852182745934
946825	0.0474918968975544
422609	0.34871983528137207
422624	0.4726634621620178
684780	0.004935338161885738
160562	0.0016518208431079984
422827	0.0030998499132692814
684977	0.9989724159240723
160694	0.009334621019661427
160735	0.0017679872689768672
685091	0.002662812592461705
160808	0.44160041213035583
422955	0.27880504727363586
990938	0.15242426097393036
685177	0.31936511397361755
682190	0.4542335867881775
423178	0.3305518329143524
565856	0.989470362663269
161117	0.0034899336751550436
947678	0.004782996606081724
685591	0.15189190208911896
947785	0.2056742161512375
161418	0.12202183902263641
423608	0.13026165962219238
423646	0.11122328788042068
947974	0.0016966324765235186
616415	0.0016845078207552433
423878	0.46834060549736023
424045	0.13443824648857117
424092	0.10384805500507355
948397	0.004093836061656475
686260	0.11828567087650299
686290	0.045586418360471725
948452	0.21321937441825867
948532	0.04123542830348015
551309	0.002126564271748066
1031910	0.005805514752864838
686469	0.11413755267858505
424408	0.006810114718973637
424449	0.19515691697597504
162351	0.01936490647494793
424509	0.00507101695984602
948829	0.4346156120300293
686739	0.10389319062232971
686746	0.00573986629024148
424753	0.0011551484931260347
813536	0.23290948569774628
162662	0.3394189774990082
424898	0.1073383167386055
425072	0.0036082081496715546
1100937	0.05795721709728241
687245	0.0034904961939901114
163038	0.004297510255128145
813605	0.17542283236980438
638849	0.0010531984735280275
687375	0.0021524501498788595
1032074	0.48731833696365356
425330	0.2584628462791443
425375	0.0012905588373541832
949686	0.2628392279148102
988412	0.0031780831050127745
687615	0.043032336980104446
687632	0.0020293795969337225
425505	0.0014480456011369824
813675	0.2576758861541748
625205	0.0058473851531744
163570	0.11437579244375229
163602	0.0043805851601064205
950139	0.16729062795639038
249866	0.0019976289477199316
163860	0.0015972453402355313
163912	0.008144564926624298
950355	0.04338638857007027
426214	0.28665295243263245
426347	0.0019958035554736853
1079141	0.007523960899561644
164282	0.06487280130386353
426442	0.036258578300476074
688644	0.0029562185518443584
901206	0.005870971363037825
426504	0.3558363914489746
950799	0.16173820197582245
688711	0.0024659563787281513
1075980	0.3190250098705292
688739	0.04733898490667343
426622	0.004652726463973522
164528	0.007991094142198563
164912	0.0014210031367838383
689223	0.0011851444141939282
427086	0.21576876938343048
165002	0.1617736518383026
165007	0.00108243222348392
813953	0.011984963901340961
427340	0.47913163900375366
202306	0.14859898388385773
951820	0.9716914892196655
689700	0.011352965608239174
817309	0.010298176668584347
689851	0.0014620424481108785
689885	0.23800364136695862
952047	0.10846305638551712
690010	0.25965940952301025
165807	0.29213663935661316
907173	0.0011995232198387384
952378	0.011163235642015934
952388	0.003509316360577941
428113	0.057653531432151794
952445	0.025014551356434822
952452	0.04464071989059448
166043	0.005075606517493725
690508	0.0012257570633664727
952658	0.0013317321427166462
690565	0.046341974288225174
428424	0.0019051406998187304
690606	0.29498007893562317
166403	0.40167760848999023
690705	0.016107702627778053
166468	0.16440993547439575
952926	0.0010732188820838928
690801	0.0036621144972741604
464663	0.4693162739276886
36025	0.0011661401949822903
953020	0.001748365699313581
428773	0.9990549683570862
690956	0.9972468614578247
428819	0.41116684675216675
166680	0.017016347497701645
428847	0.0020976958330720663
691004	0.2003265768289566
166748	0.18613988161087036
691055	0.9990419745445251
166784	0.46916094422340393
428941	0.007717478089034557
953274	0.21419808268547058
691141	0.042784031480550766
953332	0.013032855466008186
953351	0.003370624268427491
683193	0.005576132796704769
857956	0.012290339916944504
953445	0.008686897344887257
167156	0.4730502665042877
167204	0.005562606267631054
691507	0.41767382621765137
167229	0.30837392807006836
691709	0.006345538888126612
167436	0.5033569931983948
429664	0.3132311999797821
429675	0.9421966671943665
167566	0.00502750976011157
167620	0.45398983359336853
290091	0.13263043761253357
464860	0.2879369556903839
590433	0.012859455309808254
167994	0.02986319176852703
430142	0.02557857520878315
168000	0.46806883811950684
954455	0.011580281890928745
168069	0.21275343000888824
430229	0.007430574391037226
168175	0.0015229798154905438
945535	0.0011388453422114253
692494	0.04654458537697792
168238	0.014544694684445858
954711	0.004406103864312172
692577	0.0014445369597524405
66707	0.5062505006790161
1096742	0.0029008882120251656
989296	0.19874221086502075
955093	0.07275236397981644
692955	0.01020521018654108
955117	0.19784380495548248
168787	0.013807611539959908
955220	0.2151057869195938
693101	0.011548271402716637
814568	0.014463878236711025
430985	0.04995422437787056
430989	0.02995600737631321
693152	0.15652945637702942
693162	0.11506552249193192
693297	0.0011517626699060202
693447	0.06560453027486801
693469	0.0010932511650025845
431481	0.3007335960865021
693636	0.06576530635356903
693642	0.001141906133852899
169390	0.3875308036804199
955911	0.16632311046123505
508855	0.07476267218589783
302435	0.10261791944503784
956060	0.19649270176887512
694063	0.005158044397830963
169778	0.3678554892539978
858421	0.014364838600158691
596282	0.06365323811769485
956403	0.06272391229867935
432161	0.9990507960319519
28352	0.04040002077817917
1033249	0.4103034436702728
956624	0.0500192828476429
694560	0.0280081145465374
694561	0.11810652911663055
694678	0.04302143678069115
432602	0.05015760660171509
837372	0.07477220147848129
432653	0.003548836335539818
432680	0.0012776422081515193
694845	0.3451194763183594
956993	0.2964819371700287
1090513	0.16606776416301727
170581	0.1458522379398346
432811	0.6514535546302795
432874	0.13876351714134216
170770	0.22947140038013458
170788	0.06483303755521774
695238	0.012933718971908092
695240	0.0063432869501411915
170982	0.5101820826530457
433220	0.0830959603190422
957607	0.9990528225898743
957688	0.06429082900285721
433415	0.5309845805168152
171370	0.459107369184494
433549	0.1312306821346283
433579	0.002974920906126499
171527	0.011829083785414696
433680	0.0010763700120151043
433685	0.004156093578785658
433691	0.0011172981467097998
171691	0.20371364057064056
695993	0.220756396651268
958142	0.060464147478342056
171776	0.17730046808719635
241405	0.0416613444685936
958311	0.3501906991004944
1033534	0.0025790438521653414
171906	0.4895203113555908
696217	0.039696238934993744
696242	0.0025915142614394426
696312	0.006535897962749004
172062	0.3550571799278259
696404	0.0022032642737030983
434369	0.04688800498843193
434462	0.22894921898841858
696738	0.0013009753311052918
958993	0.003908801823854446
959034	0.008693527430295944
172608	0.012630924582481384
696918	0.46080881357192993
959083	0.0015972120454534888
434835	0.030968308448791504
727837	0.0013902096543461084
172787	0.023837534710764885
959228	0.03772962465882301
172981	0.47405704855918884
173001	0.03022400662302971
435412	0.9931127429008484
815320	0.22349600493907928
173391	0.036075517535209656
435541	0.4113183915615082
959854	0.26287803053855896
697780	0.5185041427612305
960003	0.011956150643527508
435794	0.0013483987422659993
697972	0.12479598075151443
697983	0.11531481146812439
960265	0.18710957467556
960302	0.004545380361378193
436091	0.15166078507900238
436100	0.008833162486553192
960397	0.03854622691869736
960437	0.04977942630648613
436249	0.005834324285387993
960566	0.34436050057411194
698445	0.9921545386314392
174273	0.02148406021296978
436475	0.9989846348762512
174344	0.002386805135756731
698719	0.018026230856776237
436586	0.008950597606599331
436602	0.424213707447052
29089	0.025731919333338737
698828	0.20113898813724518
174592	0.05606139823794365
961048	0.011005554348230362
961097	0.28291788697242737
436844	0.002521884860470891
436847	0.11032799631357193
72809	0.21406397223472595
946631	0.004285075701773167
436924	0.019842052832245827
961255	0.1416327804327011
699243	0.2038821280002594
1010700	0.8815033435821533
437165	0.3659069836139679
815618	0.013871428556740284
961579	0.5229987502098083
437324	0.025737842544913292
175251	0.003591530490666628
990414	0.03796772658824921
961921	0.012809504754841328
961950	0.29697731137275696
437671	0.0030675337184220552
699837	0.013910905458033085
699872	0.0021549381781369448
699873	0.0014685958158224821
437752	0.4961705207824707
175625	0.001818772405385971
903097	0.008528627455234528
437914	0.13926222920417786
509907	0.0019349452340975404
438058	0.3300381004810333
700224	0.03965958207845688
962443	0.4549344480037689
176015	0.28414270281791687
176065	0.023595241829752922
438286	0.008209575898945332
438316	0.0018516865093261003
438324	0.038430362939834595
962731	0.005663094576448202
422600	0.08959007263183594
438455	0.001265374361537397
772129	0.013820486143231392
700618	0.028035268187522888
700641	0.505688488483429
700835	0.12176529318094254
700871	0.005583480000495911
176744	0.002506304532289505
815891	0.0012857854599133134
439061	0.09658995270729065
176994	0.3128586411476135
439176	0.0014697920996695757
701335	0.13297618925571442
701345	0.002465169643983245
701390	0.028273819014430046
963564	0.37646862864494324
177221	0.0024229229893535376
439375	0.10002276301383972
177238	0.0023212966043502092
145569	0.002021322026848793
963788	0.0019243237329646945
1034446	0.9990205764770508
701663	0.07047689706087112
128113	0.1498706340789795
439731	0.021839184686541557
160671	0.0019912177231162786
964054	0.022971032187342644
964152	0.42986565828323364
248086	0.001400125678628683
440098	0.4847123324871063
422893	0.23440466821193695
440269	0.49232572317123413
964577	0.0013525853864848614
1034587	0.003803391708061099
440362	0.7855517864227295
1034595	0.5151369571685791
160787	0.0028020699974149466
178468	0.2908504009246826
702790	0.0011436456115916371
702792	0.3599456250667572
702855	0.3269374966621399
178612	0.0016213568160310388
178627	0.022432899102568626
440802	0.03753462806344032
1034679	0.053916629403829575
1087076	0.024177303537726402
178825	0.28723007440567017
160885	0.16305579245090485
1034703	0.026795700192451477
699510	0.015269637107849121
703211	0.3401850461959839
703270	0.02185562252998352
441128	0.0028809302020817995
703383	0.0011997324181720614
965578	0.058630649000406265
292021	0.0027291348669677973
441409	0.9972678422927856
703765	0.001170070725493133
510513	0.46109938621520996
29921	0.0011785535607486963
441734	0.0907869040966034
860078	0.40599992871284485
996301	0.03699242323637009
259128	0.002425329526886344
947466	0.008105154149234295
704072	0.001070162164978683
704080	0.10592565685510635
826518	0.008238516747951508
704223	0.22766108810901642
704236	0.0739709734916687
991210	0.091229647397995
704398	0.004908725619316101
442377	0.14293363690376282
30039	0.2900044620037079
991241	0.25648435950279236
442455	0.3225097060203552
442491	0.011791286990046501
442525	0.0628473237156868
442593	0.03547125682234764
564668	0.35842710733413696
442673	0.018770914524793625
180592	0.007317691575735807
967106	0.0011101268464699388
180693	0.0038044992834329605
772864	0.029303325340151787
443027	0.1083025336265564
180887	0.3949011266231537
311540	0.42681628465652466
180902	0.08530192822217941
161224	0.44627290964126587
443081	0.9990565180778503
204924	0.5169103741645813
705279	0.0066209291107952595
181144	0.006821088958531618
181222	0.004783480428159237
1035098	0.008188462816178799
181301	0.9975786805152893
443489	0.12238708883523941
705681	0.002435252768918872
181394	0.0021784843411296606
705687	0.0167193952947855
181476	0.06458182632923126
181531	0.0018231745343655348
968071	0.11498361080884933
968206	0.007508132141083479
372674	0.2313198745250702
968310	0.019117696210741997
706167	0.27627113461494446
706215	0.06552490592002869
205086	0.014048870652914047
948797	0.004307321272790432
706342	0.46366024017333984
182081	0.3433224856853485
968560	0.0981694683432579
968608	0.14018034934997559
444350	0.5164480805397034
1035278	0.0014644927578046918
182393	0.003947148099541664
969023	0.002857380313798785
969066	0.0010924183297902346
444790	0.28536802530288696
706950	0.0030665758531540632
760638	0.00124406220857054
860573	0.0025466876104474068
729508	0.022766247391700745
969264	0.0012101163156330585
445094	0.012695299461483955
183046	0.0017757737077772617
538570	0.882469654083252
85018	0.003994789440184832
183201	0.14545226097106934
707513	0.1757410168647766
969750	0.0023888007272034883
445494	0.7532336115837097
707670	0.12240765243768692
445573	0.15786460041999817
707721	0.0018341350369155407
904389	0.43078938126564026
969974	0.0025069531984627247
707835	0.09602968394756317
117977	0.008766076527535915
970152	0.022619495168328285
183723	0.049057941883802414
729672	0.06852038949728012
445908	0.044119689613580704
970242	0.0011097482638433576
183874	0.0017688577063381672
183880	0.0010763478931039572
1035535	0.9974797368049622
183988	0.035183485597372055
184105	0.005291440989822149
708438	0.19663788378238678
970605	0.004615165293216705
708517	0.0010728712659329176
184235	0.1482689082622528
184249	0.03535019978880882
643359	0.30710309743881226
970824	0.28560173511505127
184436	0.0011340545024722815
708739	0.007694205269217491
184452	0.0021649356931447983
708781	0.009450094774365425
708904	0.0016634807689115405
184621	0.0017700957832857966
467683	0.0012310269521549344
446834	0.0014711895491927862
971213	0.21497657895088196
971233	0.0018764169653877616
336648	0.9990532994270325
49802	0.5326880812644958
184916	0.0033788932487368584
971378	0.0011436729691922665
185009	0.0020199797581881285
447169	0.0043465751223266125
709342	0.0012471451191231608
948351	0.9952712655067444
30860	0.0012694073375314474
447340	0.024943308904767036
971633	0.011769670993089676
249321	0.0016049776459112763
971653	0.1410771608352661
709560	0.0022311636712402105
185276	0.0029368961695581675
971729	0.24740473926067352
185299	0.03532906621694565
447540	0.1941465139389038
447551	0.027518421411514282
709802	0.2685142755508423
992132	0.30723071098327637
972064	0.002635671989992261
709936	0.01258696336299181
447797	0.48406141996383667
30956	0.0021731993183493614
185879	0.1782720535993576
448035	0.0010499581694602966
448123	0.09521215409040451
710297	0.03383556380867958
448183	0.1634676456451416
186063	0.08032841980457306
186265	0.05206412822008133
972699	0.018047194927930832
205809	0.04711000993847847
186390	0.0020848093554377556
186446	0.3131870627403259
710755	0.021926680579781532
448630	0.9989571571350098
448745	0.42538148164749146
710914	0.008531623519957066
773858	0.0023382140789180994
186727	0.06089741364121437
448975	0.0012260648654773831
448976	0.3003416657447815
948653	0.0028584699612110853
973362	0.08040522038936615
686541	0.0015985987847670913
449235	0.02545206993818283
449244	0.0010417839512228966
187186	0.0017405138351023197
1079785	0.04596253111958504
481341	0.0011848401045426726
992407	0.025846034288406372
973731	0.005064719822257757
711682	0.016382688656449318
711710	0.0011861951788887382
711759	0.12319549918174744
973917	0.017316455021500587
711803	0.18556559085845947
711811	0.019269295036792755
711840	0.07029812783002853
879150	0.2970682382583618
449750	0.4369032680988312
1079868	0.003931218758225441
974201	0.06576420366764069
974220	0.0015634134178981185
187818	0.19654862582683563
118702	0.0010994550539180636
450093	0.1850002110004425
1036214	0.30362799763679504
249802	0.004761936143040657
188134	0.5145565867424011
974670	0.009927556850016117
712545	0.0011181649751961231
450681	0.006045255810022354
992618	0.11062265187501907
450788	0.057110745459795
712944	0.007512326817959547
450854	0.996024489402771
450921	0.3444962501525879
713134	0.016436109319329262
992677	0.2603968679904938
188908	0.004461912903934717
451070	0.028248926624655724
1101110	0.0024480950087308884
713360	0.036580439656972885
189115	0.0015529083320870996
49943	0.23091179132461548
713448	0.00333789037540555
189174	0.005655680783092976
975688	0.4715628921985626
451406	0.0035887411795556545
189312	0.0012551412219181657
451484	0.003254028270021081
451609	0.14635512232780457
189466	0.018107036128640175
975997	0.5664938688278198
1088718	0.008327855728566647
452200	0.0033597974106669426
190078	0.0018500922014936805
190212	0.0013452317798510194
190307	0.10237595438957214
714636	0.018103286623954773
714672	0.007622718345373869
714678	0.001937698689289391
976829	0.0651639774441719
714709	0.0014060516841709614
976941	0.3385021388530731
190601	0.014829704537987709
381321	0.0302391666918993
715189	0.011390943080186844
453220	0.2061740607023239
453270	0.22712135314941406
715508	0.041740573942661285
715588	0.2764695882797241
453451	0.017596647143363953
977770	0.01626986637711525
977952	0.4877466857433319
191536	0.05266841873526573
453705	0.10484668612480164
978057	0.14967620372772217
191632	0.37029919028282166
453851	0.17101362347602844
453856	0.001400968641974032
453869	0.44180649518966675
191792	0.012142588384449482
454018	0.00965695921331644
191971	0.0050626471638679504
454258	0.0012249272549524903
716641	0.001360311871394515
978802	0.04293396323919296
192502	0.010439189150929451
192579	0.004365377593785524
979054	0.20664362609386444
979133	0.0021781702525913715
454872	0.010457035154104233
192894	0.03762170299887657
993353	0.13082996010780334
455273	0.180463969707489
556489	0.008497954346239567
717563	0.0037803968880325556
979713	0.3152492344379425
455456	0.9687514901161194
993419	0.0014106223825365305
979787	0.28991663455963135
512825	0.09589659422636032
762455	0.14930371940135956
193422	0.3761079013347626
717751	0.004381779581308365
717763	0.0017539882101118565
455659	0.3069280982017517
455743	0.002565226284787059
455776	0.15886597335338593
455782	0.006304427515715361
455793	0.001885480945929885
455853	0.010265210643410683
455862	0.20742075145244598
980168	0.01767534390091896
193742	0.0023534332867711782
718112	0.0011265695793554187
193866	0.22759956121444702
456016	0.0073729027062654495
306806	0.003408014075830579
193968	0.9970844388008118
718444	0.0011015844065696
456305	0.24141152203083038
980633	0.0507860891520977
294518	0.43907955288887024
456443	0.4443889856338501
456551	0.003684593830257654
718782	0.0010786738712340593
194531	0.13555143773555756
981006	0.0018176186131313443
456734	0.002444826066493988
133977	0.013706658966839314
194750	0.1829361617565155
194870	0.01252058893442154
981400	0.0010898540494963527
1092422	0.316576212644577
719411	0.018126022070646286
195199	0.03671981766819954
195440	0.16129885613918304
272047	0.0032824429217725992
719749	0.2026233673095703
457622	0.14353224635124207
573899	0.49479418992996216
382119	0.017042266204953194
457714	0.0040347035974264145
195582	0.609916627407074
457809	0.05883591249585152
195693	0.00293670198880136
457842	0.048647210001945496
862742	0.0880170539021492
720013	0.9970113039016724
982348	0.0029759847093373537
458064	0.0015501014422625303
458110	0.0013039209879934788
720261	0.01481383666396141
982481	0.10704245418310165
458235	0.05376986786723137
196111	0.9990552067756653
1091384	0.008520442061126232
196232	0.0011071391636505723
196250	0.4559026062488556
775457	0.0020097061060369015
196453	0.08725687861442566
1081321	0.039600010961294174
196596	0.0016525395913049579
458771	0.319149911403656
458774	0.0012516260612756014
196720	0.03973542898893356
458885	0.03768395259976387
513397	0.6183056831359863
993996	0.0746866911649704
1080229	0.4181428551673889
196949	0.010643414221704006
196963	0.007681906223297119
983438	0.09458862245082855
983451	0.09534226357936859
197024	0.13855375349521637
983499	0.11841532588005066
983543	0.01626662164926529
721409	0.0013976895716041327
459280	0.0012833208311349154
459291	0.029114343225955963
128772	0.1838504672050476
983708	0.32166633009910583
459481	0.007694368716329336
197542	0.41136476397514343
721885	0.028762612491846085
984075	0.9990432858467102
1037826	0.007286551874130964
984178	0.08542798459529877
459948	0.025334319099783897
197945	0.005762557033449411
197964	0.00989318173378706
984434	0.14365239441394806
460162	0.001425029244273901
722352	0.20041193068027496
984499	0.21507605910301208
722413	0.0018406554590910673
722515	0.008634686470031738
460403	0.6272123456001282
984770	0.05311095342040062
984856	0.3235917091369629
984930	0.002660576021298766
984948	0.0016434469725936651
906901	0.09181716293096542
984992	0.5087299942970276
198581	0.5002569556236267
722981	0.01604563556611538
985158	0.00599337462335825
985165	0.25443872809410095
985167	0.01015564613044262
985173	0.0026783745270222425
985207	0.006850704085081816
198807	0.45864737033843994
985259	0.4315556585788727
985275	0.0014781372155994177
723144	0.29033392667770386
985304	0.001073760911822319
985360	0.010708943009376526
461078	0.021618414670228958
985371	0.17408141493797302
985431	0.14171838760375977
985433	0.17961055040359497
985461	0.0019077600445598364
1036656	0.0024750458542257547
461281	0.28174540400505066
199177	0.02718541957437992
985644	0.49463868141174316
985653	0.33675479888916016
985736	0.0013548640999943018
985752	0.001783178187906742
461491	0.2693878710269928
298113	0.04997507855296135
461601	0.3346897065639496
985905	0.5186259746551514
723781	0.0021956730633974075
199572	0.051868949085474014
295406	0.009395825676620007
986068	0.03846688196063042
986162	0.3822430372238159
986197	0.2921580374240875
199776	0.005353379528969526
986210	0.020756270736455917
724121	0.1340828835964203
199837	0.024704882875084877
986325	0.2295515537261963
986411	0.003126931842416525
724275	0.0265946127474308
986427	0.24558953940868378
986472	0.19012705981731415
200042	0.0031864827033132315
986484	0.05564257502555847
986494	0.4611220061779022
724410	0.003810000838711858
462301	0.00231740390881896
724571	0.006158281583338976
776122	0.004588860087096691
724579	0.373282253742218
200296	0.0017686942592263222
986733	0.022410187870264053
844658	0.001679426059126854
994582	0.006853141356259584
986791	0.21567663550376892
986793	0.33871376514434814
724680	0.05076914280653
855029	0.2709677219390869
986852	0.0314190573990345
724733	0.001256545539945364
986932	0.04704611003398895
986935	0.0013847947120666504
986936	0.778067946434021
986972	0.0447685681283474
724872	0.015197745524346828
724887	0.0015006455359980464
462765	0.46167099475860596
987066	0.10631021112203598
724947	0.12142696231603622
987100	0.0011383979581296444
1010524	0.001087118755094707
987183	0.0020461922977119684
725047	0.18646298348903656
987192	0.12537728250026703
987230	0.2548881769180298
987237	0.13951005041599274
462979	0.9990513920783997
987309	0.029067378491163254
425688	0.12316054850816727
987486	0.46952757239341736
987502	0.48145079612731934
463230	0.037177879363298416
907334	0.002582282992079854
987567	0.14115136861801147
987573	0.03743746131658554
201154	0.14689616858959198
987671	0.36737388372421265
463443	0.009398186579346657
987791	0.48584458231925964
201366	0.5075225234031677
201376	0.7640317678451538
987809	0.48406028747558594
987822	0.13092803955078125
987823	0.2837168872356415
987845	0.28400352597236633
987914	0.07845056056976318
732631	0.1519763022661209
463635	0.006929605267941952
987978	0.35856297612190247
725867	0.14179551601409912
725951	0.0011711162514984608
988119	0.028342735022306442
988121	0.028667530044913292
988122	0.0015501856105402112
988124	0.0015851953066885471
801059	0.14626748859882355
988142	0.030332336202263832
988149	0.003321215510368347
988169	0.00212114374153316
988211	0.21080826222896576
726076	0.0010768607025966048
726098	0.0022103693336248398
988269	0.310052752494812
1038527	0.4645165503025055
988294	0.0012343291891738772
988306	0.15696844458580017
988416	0.18564431369304657
202006	0.386984258890152
988504	0.26333361864089966
202073	0.0012392138596624136
988512	0.002757883397862315
202081	0.10943261533975601
988540	0.08124945312738419
988636	0.02774542011320591
988653	0.0024432751815766096
988710	0.3076104521751404
464440	0.3845858573913574
156723	0.337263286113739
988742	0.0021566757932305336
988743	0.05167141556739807
988745	0.17480334639549255
726614	0.38719862699508667
464484	0.029467467218637466
988787	0.6544294953346252
820161	0.19129903614521027
988911	0.06441552191972733
988915	0.4079417884349823
988954	0.19524602591991425
988960	0.0011024210834875703
988988	0.20179244875907898
989042	0.15713056921958923
989099	0.05752287060022354
989108	0.2325657308101654
989213	0.39188534021377563
202797	0.014849440194666386
1097885	0.0022361159790307283
727224	0.08223452419042587
202954	0.1693679839372635
989396	0.07717523723840714
995029	0.16002045571804047
776576	0.007361039984971285
203039	0.001069667749106884
1005500	0.0037754045333713293
252295	0.0026130490005016327
989530	0.9833336472511292
989543	0.9808498024940491
989573	0.13499139249324799
776609	0.5232271552085876
989647	0.018954148516058922
989676	0.998968243598938
727551	0.040948737412691116
203274	0.22010116279125214
203317	0.9989718198776245
203390	0.025078395381569862
989831	0.04244481027126312
727699	0.001285543548874557
727707	0.001069609192200005
989855	0.4265589714050293
989866	0.06120167300105095
989870	0.1928904801607132
203458	0.173179492354393
989894	0.4163784384727478
727765	0.006931597366929054
989912	0.20136325061321259
727779	0.03489742428064346
989963	0.2867536246776581
989994	0.002634790726006031
990010	0.06305290013551712
990026	0.3789876401424408
203646	0.011388477869331837
990093	0.4165959358215332
203688	0.0015399664407595992
990176	0.007735743187367916
990197	0.14692848920822144
728060	0.5543836951255798
990223	0.377127081155777
728110	0.1961860954761505
728150	0.002845124574378133
990307	0.9982084035873413
990345	0.06952867656946182
1038871	0.14464399218559265
990375	0.24184046685695648
1038879	0.003264304483309388
466162	0.43523481488227844
990459	0.0655815452337265
990481	0.06041845306754112
466202	0.006453049834817648
990526	0.09888005256652832
466252	0.012258877977728844
1045554	0.0011350195854902267
728460	0.004353828728199005
466335	0.0016689712647348642
990649	0.999058187007904
990763	0.9990611672401428
990784	0.9990276098251343
990841	0.27014702558517456
990852	0.1066942811012268
1097939	0.014664432033896446
466640	0.002633628435432911
728823	0.25575199723243713
728836	0.19400937855243683
990995	0.5004087686538696
466738	0.02679281309247017
991032	0.36476409435272217
991044	0.0028038800228387117
466774	0.2827194631099701
991064	0.08561959117650986
991079	0.23961108922958374
991111	0.14107243716716766
991138	0.23030947148799896
991171	0.012146856635808945
1082701	0.29893630743026733
991207	0.18128694593906403
991240	0.13430894911289215
729173	0.24486172199249268
991324	0.04112375155091286
991342	0.02642163820564747
991364	0.5628283619880676
685717	0.512336790561676
991383	0.38219135999679565
991419	0.1490059792995453
991471	0.37192341685295105
205107	0.002535503124818206
467274	0.00207467726431787
991590	0.052159205079078674
991598	0.14235074818134308
991662	0.41979604959487915
205251	0.0845765769481659
991685	0.9986901879310608
991748	0.004548362921923399
991761	0.0012171691050752997
991762	0.18151187896728516
991782	0.34368953108787537
991832	0.004278671462088823
729697	0.06495525687932968
991854	0.0017985813319683075
467597	0.11596328765153885
991894	0.9952056407928467
467612	0.05316927656531334
991938	0.009854061529040337
514851	0.00149439531378448
165335	0.9882772564888
992120	0.059427741914987564
792463	0.003887961385771632
205741	0.18639709055423737
992184	0.4553913474082947
992191	0.006725616287440062
992193	0.28876471519470215
992224	0.014032499864697456
50498	0.0021515171974897385
992257	0.0028419611044228077
992340	0.001862423843704164
992363	0.02187550812959671
992365	0.11368922889232635
992367	0.09758370369672775
730229	0.316672682762146
992383	0.2758925259113312
730278	0.002813004655763507
992433	0.52797532081604
992531	0.001381799578666687
992535	0.0015770181780681014
206117	0.9990537762641907
992559	0.003513369243592024
992605	0.09808216989040375
992652	0.4729844331741333
992659	0.9970977306365967
992660	0.20059482753276825
992729	0.0011665424099192023
78076	0.04522663354873657
992757	0.0014411384472623467
730626	0.0244710985571146
992802	0.1891360729932785
992839	0.013476748950779438
992840	0.017711741849780083
992869	0.03487527370452881
165480	0.0657447874546051
992946	0.0027600571047514677
992949	0.002496445318683982
992950	0.02486937865614891
206549	0.2715533375740051
993041	0.0022720820270478725
468762	0.09020964801311493
993107	0.002248527482151985
993153	0.006534833461046219
993174	0.9958533048629761
993178	0.08760827034711838
468907	0.37591108679771423
993234	0.001028908067382872
820899	0.0012874552048742771
206806	0.0011311877751722932
206819	0.12235111743211746
993255	0.1670314222574234
993320	0.2308720052242279
993492	0.0016334016108885407
993501	0.9990559220314026
427730	0.0658036470413208
993544	0.3443574607372284
993606	0.18156170845031738
993627	0.0015760853420943022
993651	0.015964379534125328
1010173	0.9987910389900208
207251	0.002066953806206584
731545	0.2675330638885498
993748	0.005766826216131449
993795	0.002482778625562787
993821	0.0031758181285113096
469535	0.011388929560780525
993834	0.19066332280635834
731723	0.13721583783626556
993876	0.08012266457080841
731736	0.0038418667390942574
993883	0.0015165804652497172
993987	0.2078222930431366
994005	0.047135528177022934
994012	0.2553747892379761
207595	0.0038609106559306383
731886	0.09730564802885056
731902	0.36184144020080566
994070	0.22308817505836487
994085	0.13591870665550232
994087	0.07748646289110184
469819	0.011516912840306759
994112	0.0036778640933334827
994133	0.3390468955039978
994228	0.13519135117530823
470001	0.001376607338897884
994311	0.0020582315046340227
994338	0.0014250264503061771
994397	0.07003357261419296
732288	0.1672389954328537
994449	0.0017740416806191206
994478	0.004025227855890989
994479	0.007228833623230457
994533	0.00953269936144352
574317	0.007595938164740801
208145	0.19424183666706085
732448	0.01067552249878645
208198	0.02021971344947815
470385	0.011051831766963005
994688	0.1083676815032959
208265	0.0011759793851524591
1083293	0.2155706137418747
470459	0.061597537249326706
515317	0.002656253520399332
732618	0.0015435515670105815
208339	0.07672270387411118
994792	0.31969577074050903
994830	0.007962153293192387
208411	0.0012363354908302426
818421	0.3038114309310913
470611	0.10539303719997406
994918	0.19063487648963928
208494	0.4097181558609009
994947	0.08961515873670578
932223	0.99906986951828
208610	0.0011784968664869666
995125	0.0011526697780936956
864905	0.4886750280857086
995141	0.0011761921923607588
995176	0.005338371731340885
995212	0.0013924919767305255
995221	0.18555592000484467
1045709	0.06938488781452179
208822	0.003267258405685425
470982	0.08134795725345612
995280	0.041287366300821304
471007	0.05677369609475136
733186	0.013233003206551075
995380	0.19743408262729645
995443	0.005535206291824579
995526	0.1023506373167038
733422	0.11651565879583359
995576	0.10883384197950363
995595	0.43080171942710876
995598	0.23878900706768036
879869	0.0030245648231357336
733510	0.11138469725847244
297019	0.0014841718366369605
733591	0.0014316909946501255
995756	0.02075755037367344
995789	0.029526831582188606
995805	0.008359141647815704
995806	0.14027635753154755
995825	0.08212479948997498
733692	0.0013478408800438046
471705	0.0014161126455292106
996011	0.0014920789981260896
733892	0.001308145932853222
996042	0.19064323604106903
996054	0.0010890548583120108
209651	0.0011403532698750496
996119	0.0015677432529628277
775138	0.18112818896770477
996181	0.05685767903923988
209764	0.011535856872797012
209730	0.020998096093535423
996272	0.033523790538311005
472024	0.2750588655471802
996328	0.33621013164520264
734198	0.003814274910837412
996414	0.4895511567592621
1092450	0.0025794487446546555
734426	0.21807710826396942
559318	0.004130665212869644
996634	0.002124676015228033
472359	0.005621457006782293
472448	0.9990589022636414
1083642	0.5714572072029114
996835	0.3748980462551117
210442	0.0012536202557384968
296441	0.023266363888978958
996922	0.0017352394061163068
997044	0.03722382336854935
997086	0.0674002468585968
1083686	0.001642949297092855
997122	0.1825924664735794
1083704	0.11654125899076462
997227	0.016547387465834618
997351	0.078730508685112
914845	0.001217048498801887
997449	0.00763199757784605
997481	0.0014087932649999857
735343	0.0010880650952458382
735384	0.49941012263298035
735387	0.017154110595583916
997533	0.12372133135795593
997542	0.4605763554573059
473319	0.029031742364168167
251445	0.0030077642295509577
997648	0.06875460594892502
997649	0.14685671031475067
473394	0.0035333503037691116
997713	0.41906630992889404
997744	0.9990525841712952
473492	0.39397314190864563
909048	0.049042463302612305
997860	0.09186578541994095
997872	0.35579225420951843
997878	0.27985987067222595
211468	0.008993367664515972
997913	0.12144963443279266
997935	0.2615569531917572
1083839	0.20981615781784058
998013	0.00257070898078382
735895	0.024471480399370193
998062	0.00603747833520174
998101	0.002516764448955655
211691	0.018550995737314224
473886	0.007720085792243481
998192	0.28805071115493774
473935	0.2164612114429474
998246	0.7842326164245605
998247	0.11515602469444275
998248	0.059914615005254745
736125	0.005999809131026268
998309	0.3508242666721344
998381	0.11766481399536133
998417	0.0013304846361279488
998482	0.0019439535681158304
998493	0.21456408500671387
474234	0.014833563938736916
1083926	0.002069300040602684
1040238	0.2848362922668457
998569	0.99905925989151
998591	0.11697671562433243
998609	0.13915012776851654
212195	0.9954635500907898
998646	0.4021508991718292
998658	0.5342358946800232
212236	0.014114714227616787
998675	0.055346716195344925
998680	0.26752403378486633
998681	0.24627375602722168
1083952	0.13273963332176208
474419	0.06303279101848602
998735	0.12583190202713013
998834	0.5630016326904297
736713	0.034490860998630524
212435	0.01419107150286436
998891	0.9985080361366272
998903	0.16601136326789856
212477	0.04634084925055504
998941	0.19069479405879974
474659	0.44011151790618896
996623	0.003826851723715663
999028	0.0010405227076262236
999086	0.3336879312992096
999089	0.07502586394548416
999110	0.0027565015479922295
696677	0.005525343585759401
474873	0.006392607931047678
996653	0.5947964191436768
909273	0.0016878751339390874
999192	0.14977961778640747
212796	0.016067396849393845
999261	0.5262787938117981
559771	0.22159898281097412
999356	0.09109126031398773
999385	0.015297811478376389
999391	0.4965619742870331
865616	0.9935635328292847
999416	0.2974519431591034
999439	0.20766815543174744
999517	0.002343611791729927
999518	0.25036412477493286
999550	0.008644316345453262
999552	0.0014307417441159487
999555	0.030912121757864952
999567	0.9990622401237488
999610	0.0014493949711322784
999637	0.11160531640052795
737512	0.00255596567876637
865660	0.002589285373687744
999685	0.0014560866402462125
475402	0.001999676926061511
999756	0.0113754877820611
999791	0.07796603441238403
999836	0.0812302753329277
999897	0.14430418610572815
999921	0.0010937440674751997
999942	0.09604259580373764
1000000	0.0029029008001089096
1000004	0.44460877776145935
1000006	0.002288924530148506
1000017	0.3093516528606415
1000030	0.0424208901822567
1000083	0.0011162646114826202
737940	0.18080399930477142
996805	0.04907388240098953
1000097	0.9989301562309265
1000170	0.00244913506321609
996825	0.10743861645460129
1000232	0.3570842742919922
1000272	0.9944816827774048
738162	0.001688244752585888
738165	0.13650761544704437
1000459	0.05067623406648636
214040	0.004674684256315231
1000509	0.5307837724685669
1000585	0.008044537156820297
909506	0.05376220867037773
1000619	0.002409910084679723
738484	0.05948975682258606
1000678	0.07083284109830856
1000681	0.003241389524191618
476483	0.00437382934615016
1000798	0.4373079836368561
1000864	0.5055912733078003
1000906	0.002097721677273512
1000951	0.0302838534116745
560059	0.07413991540670395
738931	0.32717621326446533
476807	0.1776387244462967
1001108	0.039937447756528854
574051	0.03085763193666935
822218	0.2903268337249756
476947	0.15666016936302185
476977	0.0016687964089214802
1001279	0.0025834168773144484
1040703	0.21023604273796082
997017	0.1947559416294098
1001381	0.003097964683547616
477100	0.01615194045007229
1001397	0.0010523685486987233
1001454	0.1311524510383606
477286	0.15480707585811615
477309	0.16032445430755615
477380	0.03682629391551018
739599	0.0021784750279039145
1001810	0.005149854347109795
739671	0.0041726334020495415
739743	0.0019894142169505358
1001903	0.001100031309761107
1001926	0.001436541322618723
477639	0.002199623268097639
1001981	0.41493356227874756
210690	0.0052014123648405075
1001999	0.0020203411113470793
215603	0.008192104287445545
1002058	0.44513556361198425
487279	0.0016543043311685324
1002145	0.010972666554152966
1002148	0.43813568353652954
1002197	0.0019255239749327302
1002238	0.05365213379263878
1002252	0.004199143964797258
1002274	0.0932745411992073
50833	0.05042519420385361
1002330	0.0012802246492356062
478054	0.046734221279621124
478063	0.11089782416820526
740263	0.21176867187023163
35996	0.002048949711024761
1002426	0.0013789370423182845
1002482	0.015249980613589287
1002554	0.003801054786890745
740416	0.12457369267940521
1002584	0.0011770075652748346
1002585	0.056822508573532104
1002596	0.9990599751472473
478359	0.22580371797084808
1002716	0.32875633239746094
1002737	0.2913321554660797
740624	0.025554556399583817
1002887	0.14627328515052795
1002889	0.999037504196167
740762	0.5373964309692383
1002938	0.3757062256336212
1002940	0.0055101835168898106
478691	0.030100733041763306
740852	0.26190900802612305
1002997	0.7648895978927612
1003003	0.020295344293117523
1003006	0.002758920658379793
1003015	0.0783320739865303
675320	0.022485192865133286
478827	0.0010440462501719594
1003210	0.001129187410697341
1003213	0.013063891790807247
560419	0.001685658935457468
1003239	0.9988957643508911
478981	0.04958992078900337
1003277	0.00280771148391068
1003299	0.0018180339829996228
1003329	0.06857447326183319
1003334	0.13370293378829956
1003351	0.5294992923736572
1003359	0.07150848954916
1041043	0.0021055247634649277
741274	0.005738494917750359
1003445	0.15905945003032684
1003481	0.0016905978554859757
1003482	0.0022942470386624336
1003507	0.0014257242437452078
741392	0.05277354270219803
1003557	0.008294249884784222
1003561	0.22714294493198395
479284	0.031653884798288345
1003590	0.004442554898560047
1003603	0.001942342845723033
479379	0.012370914220809937
217246	0.0011994889937341213
469873	0.002267284318804741
822642	0.005263822618871927
36214	0.08930477499961853
479525	0.002598188351839781
1003831	0.050316888839006424
1003849	0.009704076685011387
479570	0.001870740088634193
1003875	0.4346266984939575
1003880	0.36543765664100647
1003884	0.0017246274510398507
1003973	0.0015163292409852147
1003997	0.21331286430358887
741970	0.03415565937757492
741977	0.001338526257313788
731759	0.0013538753846660256
742022	0.008548641577363014
1004191	0.22104233503341675
1004199	0.03017914667725563
1004228	0.08101637661457062
1004233	0.4041033983230591
1004240	0.38245928287506104
1004243	0.0330750048160553
1004254	0.0017820325447246432
862701	0.004669570829719305
1004322	0.0071755400858819485
480064	0.005880151409655809
565915	0.0015966325299814343
1084905	0.2261403650045395
218000	0.001501333201304078
1004493	0.08336464315652847
827791	0.009653033688664436
742446	0.0013937032781541348
480504	0.003595021553337574
742667	0.2238156795501709
480536	0.04178193584084511
298550	0.05511122941970825
1004921	0.13710252940654755
1004940	0.11863318830728531
1004949	0.010250899940729141
298565	0.002154681831598282
742822	0.0022489712573587894
1005113	0.002063869731500745
1005131	0.001093764789402485
742988	0.003309873631224036
473361	0.0014761855127289891
1005163	0.04922628402709961
1085035	0.0016308485064655542
743046	0.11376069486141205
1005191	0.0015064656035974622
480932	0.0156380757689476
36473	0.23518608510494232
1046047	0.4614792764186859
1005475	0.006080204620957375
1005476	0.014240266755223274
1005520	0.01010046061128378
1080968	0.014396950602531433
517117	0.10718946158885956
481297	0.0020928173325955868
1005586	0.0020662881433963776
1005653	0.426074355840683
481387	0.08510565012693405
1005678	0.004955153446644545
1005798	0.37052980065345764
743668	0.008215254172682762
743675	0.07119132578372955
743693	0.5069823265075684
743696	0.26916739344596863
1005949	0.001075222622603178
1006000	0.0012068942887708545
743868	0.002144092693924904
997808	0.4071883261203766
1006199	0.04176803678274155
744092	0.016472578048706055
481961	0.05227098986506462
744109	0.11962440609931946
954144	0.0018212688155472279
744261	0.04648201912641525
1006459	0.0010776816634461284
1006489	0.007142568938434124
1006509	0.0605708546936512
220087	0.02483322285115719
1006578	0.002144420286640525
1006580	0.3469657599925995
36703	0.003504479071125388
1006751	0.001974650891497731
482496	0.27585387229919434
1006791	0.1223665103316307
1006852	0.006933353841304779
744764	0.02554527297616005
1006911	0.0011902484111487865
1006987	0.02363642118871212
744891	0.0012470204383134842
482808	0.18286700546741486
517386	0.056794945150613785
220761	0.0019313038792461157
1007242	0.004501772113144398
688218	0.9989926218986511
483028	0.004103870131075382
1007382	0.5011332035064697
129565	0.0011570201022550464
483178	0.0013793040998280048
483241	0.015894640237092972
745402	0.015225403942167759
1007550	0.019743382930755615
211621	0.002087200293317437
1007606	0.9861088395118713
745469	0.05729290470480919
1007628	0.0035224277526140213
1007673	0.0017074764473363757
1007691	0.4063798487186432
1007696	0.9933692812919617
745559	0.0012480125296860933
998093	0.013654490932822227
1007875	0.39531007409095764
745746	0.0016211639158427715
1007934	0.0054590157233178616
745794	0.507064163684845
1007959	0.3283214271068573
1007972	0.014433023519814014
745830	0.10873837769031525
483795	0.002042211592197418
745944	0.013092928566038609
221664	0.007405734155327082
746055	0.1499958485364914
1008208	0.3454679846763611
746065	0.0012062294408679008
998174	0.18039728701114655
1063607	0.20242135226726532
1008515	0.2835387885570526
1008516	0.07979632914066315
80712	0.007571481168270111
746438	0.0025800387375056744
222158	0.0012280137743800879
118448	0.002404708880931139
1041951	0.0011769268894568086
1008830	0.11987199634313583
484551	0.29167604446411133
1008911	0.11974635720252991
1008947	0.0015838938998058438
1008951	0.001535763149149716
1008968	0.20809724926948547
1008977	0.001074408646672964
1008979	0.0017531543271616101
1009023	0.2516298294067383
1009109	0.026042917743325233
823549	0.008564255200326443
1085697	0.11653877049684525
1009183	0.005019427742809057
1009237	0.031460970640182495
222954	0.013435198925435543
1009388	0.002451912732794881
561448	0.005822280887514353
747345	0.0069845374673604965
1009527	0.0013743743766099215
485287	0.15325942635536194
223165	0.14242947101593018
1009610	0.06275837868452072
1009668	0.03809366002678871
1009695	0.9987491369247437
1009724	0.002688618144020438
1009742	0.0014779675984755158
1009749	0.0012982077896595001
485558	0.0026543845888227224
747720	0.43756580352783203
223468	0.008299443870782852
1009959	0.05734511837363243
1009961	0.607567310333252
1009994	0.3828096091747284
51090	0.15115727484226227
1010048	0.002136262832209468
1010057	0.00133069499861449
1010059	0.03233424574136734
1042158	0.9986407160758972
747937	0.2704612612724304
747985	0.31003761291503906
1010151	0.10611273348331451
998485	0.4491351544857025
748054	0.4472329020500183
736347	0.9989145994186401
1010277	0.2946438491344452
1010287	0.40359246730804443
1085888	0.02818971872329712
748321	0.0015299239894375205
1010527	0.01326761208474636
1010537	0.032322559505701065
486274	0.09939730912446976
1010607	0.01195574551820755
1010615	0.0016580296214669943
486370	0.1444387435913086
1010670	0.08394212275743484
996317	0.027603356167674065
307008	0.14989711344242096
605363	0.4065854847431183
224314	0.9990686774253845
486512	0.004502113908529282
748672	0.33581486344337463
486623	0.04366537183523178
748771	0.06299496442079544
224548	0.026368970051407814
1011003	0.0024052371736615896
1011018	0.47320887446403503
1011021	0.001116444356739521
1011044	0.002373484428972006
224626	0.03522451967000961
748935	0.032863322645425797
998641	0.18560504913330078
1011120	0.046672217547893524
1011140	0.44228595495224
748997	0.12947645783424377
1011166	0.09464537352323532
1011328	0.0019935197196900845
212251	0.5435376763343811
1011381	0.42451488971710205
1011382	0.003954038023948669
749244	0.1909034252166748
749267	0.0014089160831645131
1011512	0.0026575156953185797
1011529	0.11346804350614548
749399	0.04642980918288231
1011618	0.001051423023454845
1011663	0.004780888557434082
212303	0.003052717074751854
1011721	0.13894759118556976
487569	0.10641417652368546
1011860	0.0058881063014268875
749752	0.11432588845491409
94798	0.09206583350896835
225499	0.004755224566906691
1012026	0.001488154986873269
998802	0.004150924272835255
749955	0.0014523911522701383
225752	0.001239196164533496
837740	0.33687713742256165
750111	0.019319217652082443
824080	0.08645854890346527
1012329	0.01620936393737793
1012464	0.13988731801509857
488198	0.0011386502301320434
839488	0.5920657515525818
37685	0.0025937077589333057
1012547	0.02529981918632984
226132	0.004356909543275833
750421	0.0010909837437793612
750487	0.0011530080810189247
998905	0.003552449867129326
488416	0.0026488422881811857
226335	0.0014474962372332811
1012780	0.01623397320508957
1012865	0.11959407478570938
1012866	0.07289332896471024
226461	0.0016540318029001355
488676	0.3722635507583618
750821	0.3722909986972809
488711	0.001233491813763976
998965	0.0038643365260213614
750946	0.05642799288034439
488825	0.3538323640823364
1013114	0.05583716928958893
1013229	0.249099001288414
1013267	0.003556704381480813
1013304	0.08158589899539948
1086391	0.19212208688259125
1013367	0.0011850653681904078
1013424	0.001791438669897616
1013492	0.03904425725340843
824282	0.03882968798279762
1013579	0.0026763526257127523
1013592	0.9967321157455444
1013615	0.3687836527824402
212634	0.0028561046347022057
489374	0.4845993220806122
227317	0.124321848154068
1013797	0.002031946089118719
489513	0.15819202363491058
1086477	0.0015736852074041963
751778	0.032403614372015
751797	0.4514032006263733
1013965	0.001717680599540472
227591	0.007360130548477173
824371	0.020197277888655663
1014115	0.002825175877660513
1014132	0.0017392615554854274
37952	0.0027891872450709343
1014210	0.012320312671363354
489931	0.1943551003932953
1014242	0.0044231293722987175
649640	0.006737569347023964
1014264	0.4921179413795471
36965	0.9987704157829285
227968	0.0020947083830833435
167371	0.011650089174509048
490505	0.9990505576133728
752700	0.999046266078949
1014884	0.14662732183933258
228474	0.011196197010576725
1014911	0.07661579549312592
300246	0.001234734314493835
1015055	0.02371588908135891
780850	0.0013691611820831895
490802	0.08388618379831314
228738	0.013915290124714375
490883	0.014403312467038631
753040	0.027858411893248558
490903	0.9390931129455566
753071	0.2196638584136963
1015307	0.0013662264682352543
753168	0.07559037208557129
1015347	0.1640094518661499
753214	0.17154094576835632
753299	0.0013225814327597618
1015556	0.08688341826200485
753480	0.0034371286164969206
1094395	0.01978006772696972
1015641	0.16248025000095367
261650	0.0011720965849235654
753517	0.004952915944159031
212977	0.2550663948059082
229325	0.0028920508921146393
1015766	0.003529864829033613
169305	0.017768893390893936
491585	0.015224788337945938
81945	0.4143625795841217
1016013	0.02363128401339054
1016015	0.2135957032442093
999469	0.5390744805335999
999481	0.0011354716261848807
1016154	0.10682825744152069
1016254	0.022416813299059868
754113	0.32554757595062256
562594	0.11244341731071472
754166	0.016709882766008377
754191	0.02256133407354355
1016406	0.0019630149472504854
1092441	0.006911580450832844
1016460	0.1543761044740677
1016547	0.00885049533098936
1016565	0.024230727925896645
1086933	0.0014341240748763084
1016583	0.23130981624126434
230179	0.1045641303062439
754509	0.0026780611369758844
1016676	0.34880927205085754
1016703	0.1705201268196106
431602	0.4766954481601715
1016790	0.001436654943972826
1016879	0.04310474172234535
1016915	0.2211524099111557
754786	0.025444630533456802
1087589	0.12656402587890625
1016943	0.001314931781962514
10264	0.7943021655082703
1098806	0.1577536016702652
492681	0.5130201578140259
1087001	0.05986321344971657
999641	0.03595026209950447
492853	0.06844915449619293
1043337	0.0017914625350385904
230725	0.999052107334137
755040	0.3665894567966461
1017204	0.0890236645936966
755093	0.9984304308891296
1017276	0.05043410137295723
230891	0.050066906958818436
1017348	0.1579209417104721
1090915	0.001285238773562014
999691	0.011358393356204033
755275	0.10923741012811661
824938	0.0031686287838965654
1017476	0.15067322552204132
1017498	0.00811078306287527
1017524	0.0014505499275401235
1017529	0.009654962457716465
1017537	0.003294209484010935
231109	0.30457010865211487
755459	0.0013267087051644921
1017605	0.4698425829410553
755465	0.0013687966857105494
1017692	0.21205149590969086
1017706	0.08454947918653488
231292	0.994959831237793
231298	0.5297484993934631
1017734	0.06026441603899002
1017773	0.09544441103935242
1017775	0.008528538979589939
1045527	0.025283103808760643
493508	0.9949518442153931
1017830	0.001490358030423522
493543	0.0012901040026918054
1017892	0.022296754643321037
231482	0.10619454830884933
1017952	0.13469800353050232
1017971	0.13131429255008698
1018032	0.021964244544506073
1018056	0.1638355255126953
38608	0.025640340521931648
231717	0.439500093460083
193581	0.35021841526031494
985372	0.22294966876506805
231877	0.044637348502874374
494086	0.12598972022533417
1043545	0.18481400609016418
1018525	0.05868001654744148
494346	0.24218353629112244
1018658	0.0027260715141892433
825147	0.007183422334492207
1018807	0.008467000909149647
863187	0.09201270341873169
1018918	0.056268367916345596
494730	0.10761488974094391
1013570	0.295732706785202
756949	0.05667988955974579
232703	0.9975632429122925
1019179	0.014331693761050701
1019200	0.005124181043356657
495018	0.00191654940135777
1019356	0.02083437703549862
495082	0.0023337809834629297
1019405	0.0034341930877417326
1019414	0.28637370467185974
868953	0.0013861206825822592
757275	0.0010462516220286489
1019433	0.08183988183736801
1019470	0.18824011087417603
1019602	0.0037376086693257093
757511	0.20973651111125946
836044	0.30048075318336487
1019705	0.18728625774383545
1019724	0.13621224462985992
6791	0.12437697499990463
495483	0.0010226170998066664
1019787	0.0010982616804540157
1019830	0.0010717078112065792
495680	0.3791733980178833
1087532	0.001614628592506051
1020198	0.15997859835624695
758074	0.051227863878011703
1020244	0.10338103026151657
233904	0.0014363676309585571
1020376	0.07510638236999512
496175	0.369588702917099
496244	0.021906264126300812
234114	0.16587474942207336
496276	0.07211694121360779
234165	0.09044655412435532
758519	0.26586484909057617
1020710	0.003990460187196732
1020724	0.01328128483146429
563347	0.0014870486920699477
234388	0.03482735902070999
563359	0.020657600834965706
758720	0.08458523452281952
1020907	0.0016834096750244498
1020915	0.002033115364611149
912899	0.004040385130792856
968004	0.2909623682498932
496717	0.059509649872779846
758901	0.0011034072376787663
758909	0.0011041847756132483
1021065	0.003325351746752858
234644	0.3964844048023224
234651	0.677579939365387
1040312	0.1402553766965866
344955	0.0642775371670723
759021	0.4793144166469574
1021170	0.01862548477947712
1000319	0.3431834876537323
759062	0.06359487026929855
1021241	0.07305275648832321
234821	0.001522997859865427
1021277	0.009739235043525696
1021318	0.0023258375003933907
1021324	0.00109645735938102
1021327	0.028211336582899094
825583	0.0030179910827428102
1087735	0.45360392332077026
497107	0.012353251688182354
497132	0.45276200771331787
1021446	0.0012546118814498186
235027	0.18309712409973145
235089	0.013485557399690151
1021532	0.004242856055498123
1021554	0.0014253263361752033
1021605	0.04633085057139397
1021639	0.02407781034708023
759503	0.2638109624385834
759515	0.12270810455083847
1021679	0.0020571122877299786
1021682	0.009723657742142677
1021695	0.10143959522247314
497470	0.013128689490258694
1021797	0.003775686025619507
497536	0.23730896413326263
497596	0.005010576918721199
1021900	0.002136223018169403
1021907	0.21322080492973328
1021931	0.09747298061847687
235534	0.004547400400042534
1021971	0.001077752560377121
1022022	0.9117356538772583
497757	0.010653124190866947
1000472	0.0013306982582435012
1022124	0.0020286119543015957
1022132	0.03135084733366966
924398	0.0320836640894413
1022178	0.0012072421377524734
760070	0.3687642216682434
235832	0.003223323728889227
257772	0.001279672491364181
1022359	0.0011917129158973694
1022370	0.01197725348174572
1000519	0.3711394965648651
1022410	0.29879647493362427
1022442	0.0012014941312372684
1087915	0.03554947301745415
1022577	0.003139576641842723
39360	0.05812593176960945
1044249	0.03690757602453232
1022620	0.0013137657660990953
1022621	0.006658271886408329
694726	0.001193343079648912
1022630	0.0017434011679142714
760512	0.0013580770464614034
738422	0.008146845735609531
498398	0.0034830421209335327
1000574	0.9897961020469666
1022712	0.012611065991222858
1022735	0.001448053983040154
498478	0.002615081612020731
1022769	0.03596653416752815
1022782	0.0028991587460041046
1022832	0.007494858466088772
236427	0.05118280649185181
1022907	0.09713830798864365
1022911	0.003163642715662718
760817	0.0030087726190686226
388950	0.004074897151440382
236580	0.11447322368621826
236582	0.02334647811949253
1023025	0.5135456323623657
760908	0.17929710447788239
236708	0.0018886781763285398
761032	0.9141180515289307
236801	0.06136535853147507
1088043	0.038641661405563354
761096	0.023508824408054352
738525	0.0024107801727950573
499068	0.08105175942182541
400696	0.004584538284689188
1023363	0.14929860830307007
236949	0.002979101613163948
499126	0.02597806416451931
761388	0.007684858050197363
499413	0.08998166769742966
761627	0.019481107592582703
1023782	0.1852072924375534
237370	0.0020184172317385674
237373	0.4050566554069519
1023838	0.038962267339229584
1023850	0.0013380552409216762
499568	0.038187425583601
1088153	0.48712724447250366
237561	0.0023204730823636055
1024034	0.006158056203275919
1024069	0.011778231710195541
499818	0.37924692034721375
761963	0.2667640447616577
1024166	0.3468121588230133
1024176	0.017810752615332603
499904	0.00627230666577816
762059	0.001068149576894939
1024221	0.0027840291149914265
1055921	0.0026171805802732706
762111	0.001069151796400547
1024288	0.001648160396143794
1024300	0.9990184307098389
1024305	0.048349712044000626
313438	0.09456673264503479
237936	0.0011497095692902803
762296	0.06346070766448975
870422	0.012585896998643875
1024528	0.052070941776037216
1024591	0.0014702428597956896
1024592	0.015486067160964012
1024667	0.99394291639328
1024669	0.0029460631776601076
1024672	0.0028863227926194668
762558	0.11442695558071136
1024727	0.0012036734260618687
826153	0.035360127687454224
762652	0.07652955502271652
1024835	0.5916264057159424
1024893	0.0017574303783476353
1024904	0.0028138274792581797
762761	0.07593750953674316
1024950	0.00152350845746696
1000959	0.004249799996614456
1088347	0.002154452260583639
618979	0.08252624422311783
1099077	0.00626005232334137
1025188	0.0023151689674705267
763084	0.011108417063951492
1025259	0.21060927212238312
1025270	0.06689884513616562
1025290	0.002638495061546564
238886	0.002491972642019391
476724	0.20309467613697052
1025348	0.24839864671230316
1090358	0.003888798411935568
1025483	0.006918972358107567
239189	0.00859497208148241
1025624	0.22994031012058258
1090558	0.005549038294702768
1044755	0.0012079656589776278
1025714	0.4641380310058594
763619	0.08067923784255981
1025801	0.07092815637588501
1011811	0.001656890264712274
39908	0.013800438493490219
1025895	0.002737700939178467
1099105	0.0074202874675393105
239511	0.001699708285741508
239516	0.001749850227497518
1025991	0.001658112509176135
239648	0.9990094900131226
1026098	0.010319660417735577
1026148	0.09790487587451935
239830	0.04973575472831726
764139	0.08387935906648636
1026372	0.03686641901731491
165116	0.011933988891541958
258485	0.0012561531038954854
1026711	0.1401328444480896
1026768	0.004363197833299637
1026775	0.23990504443645477
1003114	0.28368180990219116
1026799	0.0014232356334105134
764691	0.2450888752937317
1026991	0.20584224164485931
240584	0.0018505367916077375
1083997	0.034828249365091324
1027178	0.03856460750102997
1027209	0.025220409035682678
765147	0.003092576516792178
1027373	0.014115125872194767
741267	0.0014477829681709409
1027650	0.01207463163882494
765512	0.5074485540390015
1027669	0.02371084690093994
503390	0.007770819589495659
503401	0.006988401524722576
8701	0.20205046236515045
765583	0.25569528341293335
608197	0.942702054977417
1027785	0.001426846138201654
1027812	0.0013707135803997517
1027817	0.002273957012221217
1027865	0.001140396692790091
503580	0.9990560412406921
503607	0.12108240276575089
1027919	0.09713182598352432
503674	0.6379716992378235
1028098	0.01089958194643259
503833	0.00850297324359417
1028131	0.001329403487034142
863499	0.0012131215771660209
504044	0.05107024312019348
766202	0.06257668137550354
766238	0.0041959588415920734
242019	0.010596457868814468
242061	0.0035277085844427347
242103	0.0016478498000651598
1028538	0.3730982542037964
242107	0.015303702093660831
1028555	0.08229517191648483
504306	0.043615445494651794
1028598	0.3931979537010193
1028608	0.001967205200344324
504335	0.0022755349054932594
242219	0.0015216512838378549
1028652	0.0038064084947109222
1088947	0.4780041575431824
1028670	0.005786212161183357
1028711	0.4553549885749817
1028742	0.0026612947694957256
1028753	0.0018631935818120837
1028755	0.026149144396185875
1028796	0.15059731900691986
766769	0.33371061086654663
84106	0.001870676875114441
766804	0.15742802619934082
766808	0.0110612278804183
1029003	0.3894638121128082
1029016	0.007070379797369242
1029030	0.2588525414466858
1029031	0.11599438637495041
1029058	0.002682632068172097
1029124	0.31884923577308655
1029181	0.01579408347606659
1045347	0.06252627819776535
242863	0.0011952741770073771
767248	0.0028785739559680223
505107	0.005361716728657484
127876	0.0028177518397569656
1029402	0.38148653507232666
505152	0.024654461070895195
505171	0.014767268672585487
1029492	0.00481370696797967
1029544	0.0010936679318547249
1029552	0.44124487042427063
243139	0.0021878965198993683
1029617	0.49981051683425903
1029681	0.15451233088970184
1029694	0.14873133599758148
1029772	0.9871017932891846
1029791	0.11935465782880783
767671	0.010515249334275723
505541	0.2910187244415283
243416	0.004380676429718733
767745	0.0010317940032109618
1029908	0.40364348888397217
1029909	0.025678012520074844
1045494	0.0030109286308288574
505810	0.037031274288892746
243712	0.0018657260807231069
1030176	0.10748259723186493
558046	0.03916371986269951
243761	0.001734945341013372
1030215	0.04403184726834297
1030230	0.15712319314479828
1030271	0.003791355062276125
506025	0.0014793643495067954
1030324	0.0010886566014960408
1030378	0.05049566924571991
1030381	0.14690543711185455
1030388	0.15077567100524902
1030446	0.17957326769828796
1030451	0.1924155056476593
244092	0.002372933318838477
1030617	0.04496331885457039
1030623	0.4597456753253937
1030722	0.9989408850669861
506438	0.3122985064983368
1030823	0.0011792852310463786
302878	0.05064278095960617
506579	0.0033111271914094687
477648	0.01475274097174406
1030924	0.0015423261793330312
1031032	0.00515848770737648
1031033	0.012399330735206604
1031047	0.9990593791007996
1031054	0.5314255952835083
1031118	0.05704817920923233
1031240	0.020697234198451042
244821	0.004827016033232212
506985	0.4222848415374756
244902	0.011320054531097412
241246	0.06505005806684494
244929	0.008905231952667236
507087	0.1128212958574295
1031456	0.004224233794957399
245120	0.0022514970041811466
739913	0.24294807016849518
507381	0.0790722444653511
1031679	0.020552026107907295
1031682	0.17742660641670227
1031684	0.40490350127220154
507434	0.009761177934706211
769630	0.0023578349500894547
303045	0.007638229988515377
245416	0.015728263184428215
1031861	0.13783888518810272
156566	0.0017479797825217247
1031909	0.297163188457489
1031976	0.003853768575936556
1031999	0.5179963111877441
1032011	0.42343148589134216
1032019	0.040837325155735016
1032156	0.0019438010640442371
1032182	0.13700048625469208
507901	0.0022570977453142405
1032198	0.04119192063808441
507934	0.21751286089420319
1032281	0.0018126139184460044
770167	0.015473851002752781
1032341	0.003781701438128948
245921	0.25671499967575073
770233	0.7205144166946411
508104	0.07721517235040665
508316	0.0042151496745646
783781	0.005490084644407034
1099746	0.03705969080328941
770604	0.045435089617967606
1032758	0.17029336094856262
1032822	0.09629128873348236
837467	0.034530263394117355
1089670	0.0018449216149747372
1033007	0.011108233593404293
770894	0.02251574955880642
246626	0.030107663944363594
1033092	0.996517539024353
1033205	0.3232904076576233
1033250	0.0012848629849031568
1033296	0.13781246542930603
771170	0.01947273313999176
771239	0.10722490400075912
1033398	0.05829176306724548
509111	0.011342432349920273
509114	0.0022255955263972282
1033443	0.004849934484809637
771314	0.001045677694492042
575616	0.07632780075073242
1033580	0.9981733560562134
247194	0.002051590709015727
1033652	0.030484115704894066
1046093	0.14097048342227936
1033703	0.11939180642366409
1033718	0.014365711249411106
1033725	0.0013939401833340526
1033759	0.01619977131485939
776392	0.0015332791954278946
771694	0.003958743065595627
771734	0.1668078899383545
1033912	0.15933595597743988
1033927	0.055917952209711075
1033962	0.011131352744996548
509730	0.02770562469959259
1034039	0.035602867603302
1034050	0.7602080702781677
488345	0.9990166425704956
1034136	0.05959860607981682
1034172	0.0010664216242730618
772055	0.20887701213359833
1034204	0.5291939377784729
510018	0.016581494361162186
478220	0.1300453245639801
1034409	0.44028419256210327
510152	0.005271297879517078
510158	0.07235069572925568
510229	0.002496974775567651
827801	0.0015035700052976608
1034666	0.11220663785934448
1034680	0.01965932734310627
510444	0.03633120283484459
1034761	0.0026593226939439774
478295	0.2638797163963318
248385	0.0036811083555221558
1034845	0.37820926308631897
1035006	0.0915321633219719
772928	0.4701479971408844
1035078	0.022318704053759575
510858	0.12990032136440277
510867	0.03311380743980408
510893	0.988392174243927
226509	0.10968687385320663
1035228	0.010772354900836945
1035247	0.2561623156070709
773155	0.00472168019041419
1035321	0.012329728342592716
1035367	0.02921561524271965
1035379	0.0011001528473570943
1035383	0.001425186637789011
511101	0.0032916120253503323
1035410	0.0016046063974499702
249118	0.0011968855978921056
249176	0.009013074450194836
511330	0.00612485921010375
511367	0.026796886697411537
511417	0.9988279938697815
1035719	0.0020921025425195694
1035805	0.49042272567749023
1035861	0.639022707939148
1035874	0.07065689563751221
1035931	0.0045673600398004055
1036002	0.9990591406822205
1036005	0.30042779445648193
249618	0.0026358638424426317
828036	0.02384084090590477
773924	0.04289902374148369
511837	0.002566162496805191
773998	0.9990654587745667
511861	0.0013240088010206819
249792	0.010164418257772923
774087	0.19277727603912354
1046520	0.10597997158765793
1036244	0.001903100754134357
249821	0.011434211395680904
512087	0.04856657236814499
1036380	0.016850648447871208
1036385	0.001118737505748868
828093	0.04788002371788025
595236	0.12707439064979553
244011	0.012896819040179253
1036542	0.028670962899923325
512278	0.01917402632534504
427323	0.12356089055538177
1036627	0.050603292882442474
250228	0.04542028158903122
1036675	0.0945950597524643
512405	0.9990441203117371
1090291	0.3999064862728119
1036782	0.0014495557406917214
1036784	0.0965750589966774
250367	0.008979503065347672
1036800	0.31601354479789734
1090311	0.005102584138512611
512564	0.060432322323322296
512685	0.07117950916290283
1036999	0.5012693405151367
774866	0.18113288283348083
1037033	0.001337473513558507
250636	0.09870022535324097
512807	0.1255842000246048
1037104	0.0032127532176673412
1037116	0.3327748477458954
1037188	0.02347487024962902
1090377	0.9989951252937317
1037250	0.07543662190437317
863817	0.0014272796688601375
1037302	0.2221508026123047
1037341	0.08074309676885605
513061	0.10699952393770218
1090399	0.003844568505883217
1037373	0.11926250904798508
740876	0.06333307921886444
1037407	0.27996981143951416
357519	0.0012083303881809115
775297	0.13502703607082367
1090413	0.0010490253334864974
775343	0.2679513990879059
775355	0.14733803272247314
776517	0.0020743210334330797
251172	0.0223743487149477
1099495	0.0010722122387960553
1037662	0.007049024570733309
1037686	0.09272732585668564
1037689	0.0013570543378591537
1037722	0.4850812554359436
1037781	0.3284207880496979
1037817	0.2762948274612427
1037872	0.015249415300786495
1037881	0.19226472079753876
281002	0.0026407043915241957
283154	0.16860976815223694
513779	0.0016202735714614391
1038161	0.017562570050358772
391481	0.0012138861929997802
156688	0.13128840923309326
1038184	0.061082419008016586
1090537	0.0015374894719570875
776080	0.04650138318538666
1090550	0.09734106808900833
1090789	0.16158269345760345
1090796	0.031209442764520645
1090596	0.20664790272712708
1101531	0.004274227190762758
1038592	0.0031838209833949804
776465	0.04290345683693886
174249	0.029219679534435272
1038678	0.09225130826234818
1038685	0.47593367099761963
532142	0.9910366535186768
523413	0.44954997301101685
1038719	0.0011261902982369065
1038724	0.14048920571804047
1038755	0.9964267611503601
1038830	0.015879148617386818
776700	0.22645053267478943
1038849	0.0018643963849171996
1046969	0.035254593938589096
959589	0.0017270090756937861
1039002	0.004559019114822149
1039052	0.018061870709061623
514767	0.004024289548397064
252632	0.0017312864074483514
1003319	0.0013825306668877602
1039195	0.809475839138031
1039298	0.014562919735908508
1090727	0.005904681049287319
1039346	0.13684986531734467
1090730	0.32584482431411743
1039361	0.5006744265556335
837681	0.07195856422185898
828588	0.095614954829216
777235	0.0016699646366760135
777297	0.17854449152946472
515185	0.0016083146911114454
1039495	0.0014083808055147529
1039521	0.18614615499973297
1039586	0.47180670499801636
515335	0.0041305143386125565
777519	0.0013208405580371618
1039728	0.013882787898182869
1039746	0.001846116385422647
515573	0.05013761669397354
777792	0.003968125209212303
1040022	0.31338706612586975
1040030	0.8698360323905945
1047152	0.3261050283908844
1040038	0.29825401306152344
1040064	0.9935670495033264
1040082	0.017315788194537163
1040088	0.10777950286865234
1040099	0.3090251386165619
515813	0.015091023407876492
778095	0.04339492693543434
778139	0.006222262512892485
1090887	0.05833348631858826
516029	0.041538894176483154
1040353	0.060425177216529846
253965	0.00459252716973424
253966	0.02463904768228531
1040409	0.5122207999229431
1040461	0.5319684147834778
1040507	0.0030495363753288984
1040532	0.019516535103321075
1040684	0.001420172513462603
820267	0.00927958358079195
1040694	0.0017367739928886294
516413	0.005580530967563391
1040793	0.4306507408618927
1040848	0.23322944343090057
1040959	0.040273599326610565
778857	0.015207833610475063
778890	0.5239211320877075
1041050	0.38233837485313416
254652	0.0020772062707692385
778948	0.47647204995155334
1041146	0.001925125252455473
1041159	0.23883605003356934
1041226	0.25602006912231445
1021053	0.0015906731132417917
994867	0.004566167946904898
1012328	0.09623119235038757
517085	0.02016652189195156
1003695	0.2627871632575989
1091080	0.9365191459655762
255027	0.004157996736466885
1091082	0.1909499168395996
1041473	0.10851392149925232
1041520	0.0011624060571193695
779475	0.002015382517129183
779553	0.0011032689362764359
1041703	0.015916090458631516
1041714	0.16124629974365234
1041753	0.05272434279322624
357664	0.0056429035030305386
517516	0.5146095156669617
779674	0.45929282903671265
255469	0.001629951992072165
1041924	0.21608966588974
1091158	0.13702896237373352
1041948	0.3906780481338501
617968	0.01894284226000309
560357	0.0348406657576561
255633	0.0040654875338077545
1042099	0.005109412595629692
1091189	0.0023728657979518175
829050	0.3963998854160309
1091206	0.18347646296024323
780215	0.009204806759953499
1042364	0.10200759023427963
1042426	0.030957160517573357
780297	0.03084881417453289
780336	0.1037929356098175
256052	0.005004100035876036
1042488	0.011785265989601612
1042507	0.13226395845413208
1091269	0.0027719747740775347
256192	0.010441992431879044
1042626	0.5226321816444397
1042676	0.16921815276145935
1042752	0.010562332347035408
780613	0.0027804053388535976
1042800	0.9464200139045715
427532	0.05896104872226715
1042978	0.001658794702962041
1043064	0.06267451494932175
794160	0.03102857992053032
780993	0.20163244009017944
256783	0.002442654687911272
781074	0.361169695854187
518940	0.0017782518407329917
1043413	0.1614328920841217
829087	0.4400615990161896
519145	0.0022785901091992855
471197	0.013245082460343838
257018	0.003567868610844016
994941	0.008105858229100704
1043568	0.002234931103885174
1043587	0.12889572978019714
1043658	0.0011733844876289368
1043702	0.14292386174201965
1091461	0.11354896426200867
257335	0.0051529062911868095
1043815	0.02416887693107128
1043914	0.036690838634967804
1043955	0.08662895113229752
1043969	0.0055800811387598515
1043995	0.018426978960633278
781877	0.4327714443206787
1044041	0.0012459139106795192
782079	0.2860507071018219
1044244	0.0029631992802023888
1004167	0.47909337282180786
257885	0.9212881922721863
782253	0.0010869276011362672
904295	0.0024975831620395184
520184	0.15157510340213776
86701	0.0069623044691979885
782381	0.19537945091724396
782417	0.001317609567195177
782426	0.0011011032620444894
1099726	0.04544132575392723
782549	0.10519717633724213
258337	0.0020874955225735903
1091633	0.0012445581378415227
1044809	0.005499843042343855
782696	0.01644998975098133
520627	0.04774892330169678
520636	0.023533498868346214
1047365	0.05671389773488045
1045071	0.004017655272036791
1045072	0.0022549594286829233
520816	0.15778091549873352
1091692	0.004080069251358509
1045135	0.9989839196205139
1045203	0.17376399040222168
1045208	0.005242150276899338
1091706	0.01602153852581978
1045227	0.0036617859732359648
1045229	0.002591235563158989
783098	0.001326979254372418
558548	0.00305145513266325
521018	0.20070572197437286
1045374	0.13847531378269196
783277	0.953406572341919
611152	0.02869291976094246
1045540	0.1823461800813675
1045567	0.9940250515937805
783433	0.07976088672876358
783843	0.2216021567583084
259239	0.0061050658114254475
521402	0.024146663025021553
1045717	0.26559916138648987
783602	0.34757429361343384
1045826	0.33790597319602966
783687	0.01386587880551815
259417	0.004232041537761688
1045853	0.06740355491638184
1045855	0.016843484714627266
525467	0.027903452515602112
783822	0.01229167077690363
1046042	0.11035534739494324
1091850	0.11648038774728775
521801	0.027350004762411118
783963	0.0039879861287772655
783981	0.9515560865402222
521851	0.011759624816477299
1046161	0.006101930048316717
259763	0.10496369749307632
259781	0.05193312093615532
1048185	0.002018509665504098
522076	0.9990524649620056
1046384	0.005360119976103306
1046387	0.004689022898674011
522151	0.1283126026391983
1046463	0.229036346077919
1046475	0.9990608096122742
1046567	0.4708520472049713
1046569	0.17102186381816864
260172	0.016445646062493324
1046648	0.5212100148200989
784549	0.002334458287805319
1046736	0.014391559176146984
1046750	0.0022153439931571484
1092517	0.16943687200546265
1048282	0.22395557165145874
1091973	0.9966991543769836
784700	0.007609102874994278
1099803	0.7345240116119385
1046931	0.3096587061882019
784805	0.002382392529398203
1046952	0.02985709346830845
567714	0.4963816702365875
1047010	0.0013431399129331112
1047012	0.20197798311710358
1047088	0.20559349656105042
784961	0.0021421012934297323
1047138	0.25510621070861816
1092029	0.002561410656198859
1047160	0.03865160048007965
1047162	0.005607565399259329
260762	0.0023081889376044273
522953	0.027556011453270912
567759	0.0022854828275740147
1047269	0.006853572558611631
260853	0.0015637403121218085
785176	0.31693682074546814
523062	0.059796273708343506
1047386	0.16353721916675568
1099823	0.2995630204677582
261098	0.002539988374337554
524116	0.05185115337371826
1047548	0.0018621986964717507
1047556	0.9990083575248718
1047592	0.0023827631957829
1047599	0.06491699069738388
1047625	0.5672681331634521
1047629	0.09320707619190216
1047642	0.03147904947400093
1047662	0.2800334393978119
743708	0.004923442844301462
1047700	0.002186095342040062
1047702	0.0021135129500180483
1047708	0.09035550802946091
1099831	0.3629728853702545
1047738	0.0011401246301829815
1047794	0.013006918132305145
1047833	0.0028793076053261757
1047843	0.0023481615353375673
1047854	0.008757157251238823
1082377	0.11704976111650467
785721	0.05641430616378784
794319	0.006956037599593401
523621	0.033590104430913925
830649	0.5049286484718323
1047913	0.004183401819318533
785772	0.0010632580379024148
1047917	0.005253351293504238
261521	0.001959821442142129
1047987	0.005347804166376591
830040	0.07948651164770126
261652	0.0013346767518669367
261683	0.00149696902371943
786009	0.00397867988795042
786021	0.001414908329024911
523952	0.0032827456016093493
1048281	0.009278623387217522
786157	0.10114219039678574
1048303	0.001113522914238274
43649	0.058300673961639404
1048359	0.43020978569984436
1048361	0.0022446690127253532
1048363	0.1892467439174652
1048377	0.009531078860163689
1048381	0.4878043830394745
734979	0.04049575701355934
524166	0.18817082047462463
968921	0.0011016672942787409
786375	0.11538812518119812
1048565	0.03098638728260994
